vidId,frameNum,detectedObjId,detectedObjClass,confidence,x1,y1,x2,y2
Cyclist and vehicle tracking - 2.mp4,0,2,bicycle,0.35175544,724.325,391.82666,758.83453,424.20337
Cyclist and vehicle tracking - 2.mp4,1,2,bicycle,0.42628732,722.6317,392.60815,765.00134,422.318
Cyclist and vehicle tracking - 2.mp4,2,2,bicycle,0.39424148,717.84564,391.36633,764.12836,418.35352
Cyclist and vehicle tracking - 2.mp4,3,2,bicycle,0.25746605,716.3838,389.69727,763.2688,417.2965
Cyclist and vehicle tracking - 2.mp4,4,3,car,0.29327974,713.30786,388.28363,761.7722,417.37683
Cyclist and vehicle tracking - 2.mp4,5,2,bicycle,0.41575617,709.84265,389.86517,754.11414,414.89447
Cyclist and vehicle tracking - 2.mp4,6,2,bicycle,0.30211553,708.5004,388.67523,745.1951,415.05548
Cyclist and vehicle tracking - 2.mp4,7,2,bicycle,0.49968144,706.36584,389.04095,744.06433,413.23383
Cyclist and vehicle tracking - 2.mp4,8,2,bicycle,0.33699596,704.3408,387.35004,743.52124,412.70184
Cyclist and vehicle tracking - 2.mp4,9,2,bicycle,0.34151706,702.7348,386.44977,735.9805,412.09827
Cyclist and vehicle tracking - 2.mp4,10,2,bicycle,0.41046688,699.2888,388.51505,741.9901,413.7374
Cyclist and vehicle tracking - 2.mp4,11,2,bicycle,0.3564449,697.36926,388.1587,737.48096,412.4408
Cyclist and vehicle tracking - 2.mp4,12,2,bicycle,0.27251962,695.4054,386.38385,735.9144,411.99615
Cyclist and vehicle tracking - 2.mp4,13,2,bicycle,0.28797975,693.0194,386.31134,735.2667,411.65253
Cyclist and vehicle tracking - 2.mp4,14,2,bicycle,0.43749136,691.0968,385.42975,733.3556,410.89886
Cyclist and vehicle tracking - 2.mp4,15,2,bicycle,0.32252306,688.76575,385.39313,730.44495,410.22137
Cyclist and vehicle tracking - 2.mp4,16,2,bicycle,0.39170083,685.7997,385.2412,729.745,409.83447
Cyclist and vehicle tracking - 2.mp4,17,2,bicycle,0.40926763,682.32434,385.47272,719.9608,408.601
Cyclist and vehicle tracking - 2.mp4,18,2,bicycle,0.2603935,679.9974,385.31293,720.2966,408.597
Cyclist and vehicle tracking - 2.mp4,19,2,bicycle,0.44440794,676.74426,383.62408,716.5995,407.341
Cyclist and vehicle tracking - 2.mp4,20,2,bicycle,0.31703916,674.7014,382.0429,721.4575,407.18317
Cyclist and vehicle tracking - 2.mp4,21,2,bicycle,0.416309,672.6217,383.6897,709.1881,406.40405
Cyclist and vehicle tracking - 2.mp4,22,2,bicycle,0.46396533,669.2267,383.09546,704.2814,405.2202
Cyclist and vehicle tracking - 2.mp4,23,2,bicycle,0.43147397,666.1359,381.48224,702.47906,405.03827
Cyclist and vehicle tracking - 2.mp4,24,2,bicycle,0.48836565,662.3085,380.70084,703.8893,405.48257
Cyclist and vehicle tracking - 2.mp4,25,2,bicycle,0.46551624,659.66565,379.34076,700.91626,405.5102
Cyclist and vehicle tracking - 2.mp4,26,2,bicycle,0.5750633,658.2583,379.29398,697.5486,404.52975
Cyclist and vehicle tracking - 2.mp4,27,2,bicycle,0.62315273,656.9703,380.39764,693.492,403.9206
Cyclist and vehicle tracking - 2.mp4,28,2,bicycle,0.5630692,654.78064,380.8517,689.6625,403.92484
Cyclist and vehicle tracking - 2.mp4,29,2,bicycle,0.6324733,650.8032,379.6257,692.16724,404.2767
Cyclist and vehicle tracking - 2.mp4,30,2,bicycle,0.52055365,647.8188,379.83313,685.7059,406.32587
Cyclist and vehicle tracking - 2.mp4,31,2,bicycle,0.38033184,645.5,378.48572,683.85205,406.3158
Cyclist and vehicle tracking - 2.mp4,32,2,bicycle,0.63209677,642.6439,377.83286,681.3031,403.22183
Cyclist and vehicle tracking - 2.mp4,33,2,bicycle,0.6587717,639.5381,378.63147,677.2417,402.8534
Cyclist and vehicle tracking - 2.mp4,34,2,bicycle,0.5663427,637.646,378.39685,674.905,403.44104
Cyclist and vehicle tracking - 2.mp4,35,2,bicycle,0.6954857,634.4063,379.8313,671.6064,406.4989
Cyclist and vehicle tracking - 2.mp4,36,2,bicycle,0.49358973,631.14233,377.128,671.4424,402.36383
Cyclist and vehicle tracking - 2.mp4,37,2,bicycle,0.5644244,629.4932,374.61993,666.9992,400.305
Cyclist and vehicle tracking - 2.mp4,38,2,bicycle,0.5799297,626.81494,375.13452,666.4602,400.58044
Cyclist and vehicle tracking - 2.mp4,39,2,bicycle,0.395436,623.8827,375.76166,663.33606,399.34027
Cyclist and vehicle tracking - 2.mp4,40,2,bicycle,0.39175516,621.9079,376.84888,662.12494,400.8899
Cyclist and vehicle tracking - 2.mp4,41,2,bicycle,0.65030634,619.71265,378.62335,658.5781,400.8764
Cyclist and vehicle tracking - 2.mp4,42,2,bicycle,0.5050257,615.0065,377.58917,656.5654,403.54132
Cyclist and vehicle tracking - 2.mp4,43,2,bicycle,0.6253751,613.57886,376.67337,651.15674,399.82877
Cyclist and vehicle tracking - 2.mp4,44,2,bicycle,0.58726877,611.619,376.61835,650.0458,399.28937
Cyclist and vehicle tracking - 2.mp4,45,2,bicycle,0.6333293,609.69763,375.6961,648.2832,399.6037
Cyclist and vehicle tracking - 2.mp4,46,2,bicycle,0.5962311,611.1083,375.79602,644.339,398.28442
Cyclist and vehicle tracking - 2.mp4,47,2,bicycle,0.5514581,614.3395,377.13443,654.5143,404.87717
Cyclist and vehicle tracking - 2.mp4,48,2,bicycle,0.4199541,621.36975,377.22092,657.8578,402.1534
Cyclist and vehicle tracking - 2.mp4,49,2,bicycle,0.63109934,627.839,375.29343,665.1908,398.96683
Cyclist and vehicle tracking - 2.mp4,50,2,bicycle,0.45009995,634.4963,377.23993,676.14154,402.84332
Cyclist and vehicle tracking - 2.mp4,51,2,bicycle,0.35931894,639.88464,375.3559,680.95715,399.93268
Cyclist and vehicle tracking - 2.mp4,52,2,bicycle,0.658325,644.2551,376.5766,680.74854,399.50305
Cyclist and vehicle tracking - 2.mp4,52,2,bicycle,0.2527794,644.24524,377.31418,687.7051,405.56345
Cyclist and vehicle tracking - 2.mp4,53,2,bicycle,0.2692843,648.20996,377.64548,685.9204,405.13058
Cyclist and vehicle tracking - 2.mp4,54,2,bicycle,0.51981914,656.5476,377.38196,689.6677,399.71655
Cyclist and vehicle tracking - 2.mp4,55,2,bicycle,0.48399997,659.0061,376.24973,691.6367,400.3765
Cyclist and vehicle tracking - 2.mp4,56,2,bicycle,0.5542759,660.54297,375.54266,693.91956,402.08368
Cyclist and vehicle tracking - 2.mp4,56,2,bicycle,0.33590248,659.24646,375.93616,703.55237,407.59003
Cyclist and vehicle tracking - 2.mp4,57,2,bicycle,0.3969545,661.81024,376.09192,698.45026,401.42627
Cyclist and vehicle tracking - 2.mp4,58,2,bicycle,0.40990087,663.0375,377.52014,697.79407,401.5669
Cyclist and vehicle tracking - 2.mp4,59,2,bicycle,0.5191109,663.6354,378.95676,700.7294,403.36862
Cyclist and vehicle tracking - 2.mp4,60,2,bicycle,0.5174006,663.5565,378.19244,700.6151,402.34125
Cyclist and vehicle tracking - 2.mp4,61,2,bicycle,0.3733964,662.50964,377.06326,698.85266,402.197
Cyclist and vehicle tracking - 2.mp4,61,2,bicycle,0.30400375,662.3419,378.32373,705.56934,405.97156
Cyclist and vehicle tracking - 2.mp4,62,2,bicycle,0.34999475,661.8871,377.19244,698.3292,402.14172
Cyclist and vehicle tracking - 2.mp4,63,2,bicycle,0.28638497,660.8739,380.67694,688.9049,403.88055
Cyclist and vehicle tracking - 2.mp4,64,2,bicycle,0.44119802,660.283,381.05203,689.7828,403.72635
Cyclist and vehicle tracking - 2.mp4,65,2,bicycle,0.48444483,660.4369,381.78888,689.92615,404.30865
Cyclist and vehicle tracking - 2.mp4,66,2,bicycle,0.50761163,660.3384,383.24554,692.9065,406.11444
Cyclist and vehicle tracking - 2.mp4,67,2,bicycle,0.34304056,660.9828,382.6782,692.8522,405.9717
Cyclist and vehicle tracking - 2.mp4,68,2,bicycle,0.38057008,661.9075,383.19858,694.3142,407.78317
Cyclist and vehicle tracking - 2.mp4,69,2,bicycle,0.5327276,661.8394,384.05746,697.4305,410.03073
Cyclist and vehicle tracking - 2.mp4,70,2,bicycle,0.48262435,662.91565,384.10703,700.931,412.39035
Cyclist and vehicle tracking - 2.mp4,71,2,bicycle,0.36046627,662.78955,385.9223,701.209,413.5418
Cyclist and vehicle tracking - 2.mp4,72,2,bicycle,0.3788796,664.53076,385.0885,696.4883,412.19226
Cyclist and vehicle tracking - 2.mp4,73,2,bicycle,0.4167067,664.99023,385.6212,694.10205,411.64554
Cyclist and vehicle tracking - 2.mp4,74,2,bicycle,0.49336568,665.4319,387.25583,698.6006,414.2059
Cyclist and vehicle tracking - 2.mp4,75,2,bicycle,0.561587,667.21454,388.3727,700.116,416.11722
Cyclist and vehicle tracking - 2.mp4,76,2,bicycle,0.52266115,667.15857,388.8261,700.49524,417.44257
Cyclist and vehicle tracking - 2.mp4,77,2,bicycle,0.31652254,668.7073,386.69305,696.5779,413.91193
Cyclist and vehicle tracking - 2.mp4,78,2,bicycle,0.3413421,667.16595,387.9566,700.3968,413.23578
Cyclist and vehicle tracking - 2.mp4,79,2,bicycle,0.3129285,669.08923,387.438,698.9586,412.26782
Cyclist and vehicle tracking - 2.mp4,80,2,bicycle,0.31716764,670.82166,387.11707,696.1383,411.9425
Cyclist and vehicle tracking - 2.mp4,81,2,bicycle,0.4308226,670.39124,389.90222,702.2855,416.14093
Cyclist and vehicle tracking - 2.mp4,82,2,bicycle,0.507979,671.12854,390.4188,703.8795,416.759
Cyclist and vehicle tracking - 2.mp4,83,2,bicycle,0.38425642,671.6775,391.04413,708.1564,419.58197
Cyclist and vehicle tracking - 2.mp4,84,2,bicycle,0.60202295,673.03186,390.78363,702.11194,413.51154
Cyclist and vehicle tracking - 2.mp4,85,2,bicycle,0.60068095,673.45404,391.1568,702.77594,413.83783
Cyclist and vehicle tracking - 2.mp4,86,2,bicycle,0.5788951,673.89075,391.02243,702.5907,415.83054
Cyclist and vehicle tracking - 2.mp4,87,2,bicycle,0.5220899,674.0005,390.67438,703.34766,415.36517
Cyclist and vehicle tracking - 2.mp4,88,2,bicycle,0.5783194,675.21533,391.14694,706.9888,417.64334
Cyclist and vehicle tracking - 2.mp4,89,2,bicycle,0.5721287,676.01733,391.88098,709.28296,417.79724
Cyclist and vehicle tracking - 2.mp4,90,2,bicycle,0.5892211,676.0941,392.32043,706.8229,418.5149
Cyclist and vehicle tracking - 2.mp4,91,2,bicycle,0.54788834,676.6233,392.26303,706.06494,415.9904
Cyclist and vehicle tracking - 2.mp4,92,2,bicycle,0.41890723,676.89526,392.76343,708.46277,416.66162
Cyclist and vehicle tracking - 2.mp4,93,2,bicycle,0.49544728,677.5774,393.7079,706.90576,418.27307
Cyclist and vehicle tracking - 2.mp4,94,2,bicycle,0.4958697,677.7335,394.46988,709.98425,417.67715
Cyclist and vehicle tracking - 2.mp4,95,2,bicycle,0.4078308,678.65076,395.06757,713.65137,421.15057
Cyclist and vehicle tracking - 2.mp4,96,2,bicycle,0.44282553,679.74146,394.93378,708.7029,419.41772
Cyclist and vehicle tracking - 2.mp4,97,2,bicycle,0.36887738,681.4103,395.02878,707.4403,420.76248
Cyclist and vehicle tracking - 2.mp4,98,2,bicycle,0.25794035,685.51733,395.00348,711.5574,419.7155
Cyclist and vehicle tracking - 2.mp4,99,2,bicycle,0.32289264,685.6666,395.06738,711.83044,420.16602
Cyclist and vehicle tracking - 2.mp4,100,2,bicycle,0.39593476,686.5884,396.04803,712.954,420.88995
Cyclist and vehicle tracking - 2.mp4,101,2,bicycle,0.34101135,687.22626,396.4965,713.3786,420.49857
Cyclist and vehicle tracking - 2.mp4,102,2,bicycle,0.25810495,686.552,396.6985,715.8362,421.42657
Cyclist and vehicle tracking - 2.mp4,103,2,bicycle,0.27917916,687.59485,396.17755,714.66125,420.94672
Cyclist and vehicle tracking - 2.mp4,104,2,bicycle,0.32569772,687.78986,396.83954,715.4776,420.37262
Cyclist and vehicle tracking - 2.mp4,105,2,bicycle,0.26622814,688.01355,396.59363,715.2484,421.03864
Cyclist and vehicle tracking - 2.mp4,106,2,bicycle,0.4376132,688.0683,396.37146,716.3586,421.47498
Cyclist and vehicle tracking - 2.mp4,107,2,bicycle,0.5228003,688.24414,396.09094,717.334,421.66602
Cyclist and vehicle tracking - 2.mp4,108,2,bicycle,0.48306826,688.907,395.8164,717.0349,420.33527
Cyclist and vehicle tracking - 2.mp4,109,2,bicycle,0.47953746,689.2512,395.9558,717.5547,419.93262
Cyclist and vehicle tracking - 2.mp4,110,2,bicycle,0.44019195,689.90247,395.04993,716.9957,419.93542
Cyclist and vehicle tracking - 2.mp4,111,2,bicycle,0.30081016,690.09973,394.59003,716.21106,419.9085
Cyclist and vehicle tracking - 2.mp4,112,2,bicycle,0.4354743,690.02,395.5218,720.4573,421.10785
Cyclist and vehicle tracking - 2.mp4,113,2,bicycle,0.4822305,691.79596,395.5952,719.75543,420.51392
Cyclist and vehicle tracking - 2.mp4,114,2,bicycle,0.46346086,692.7646,396.84787,719.326,420.25424
Cyclist and vehicle tracking - 2.mp4,115,2,bicycle,0.4281451,693.92834,396.38327,720.9967,420.95938
Cyclist and vehicle tracking - 2.mp4,116,2,bicycle,0.33580416,694.7008,396.4513,725.40393,422.2898
Cyclist and vehicle tracking - 2.mp4,117,2,bicycle,0.29807997,696.64685,397.15906,724.2533,423.50574
Cyclist and vehicle tracking - 2.mp4,118,2,bicycle,0.33954784,696.9922,396.5763,728.655,424.6671
Cyclist and vehicle tracking - 2.mp4,119,2,bicycle,0.38554955,697.91235,397.0365,728.19946,426.24292
Cyclist and vehicle tracking - 2.mp4,120,2,bicycle,0.3171234,705.4217,396.52423,737.31256,424.7707
Cyclist and vehicle tracking - 2.mp4,121,2,bicycle,0.41316956,708.2557,395.80627,740.98627,426.2301
Cyclist and vehicle tracking - 2.mp4,122,2,bicycle,0.42489803,709.5367,395.86533,741.7674,426.97928
Cyclist and vehicle tracking - 2.mp4,123,2,bicycle,0.41155538,710.4503,396.5691,742.0387,427.48877
Cyclist and vehicle tracking - 2.mp4,124,2,bicycle,0.40396884,711.2504,396.7605,743.72797,426.9209
Cyclist and vehicle tracking - 2.mp4,125,2,bicycle,0.46093127,712.577,397.12503,743.46643,425.61966
Cyclist and vehicle tracking - 2.mp4,126,2,bicycle,0.48855957,713.9241,397.46783,742.5569,425.18292
Cyclist and vehicle tracking - 2.mp4,127,2,bicycle,0.3052439,715.28796,396.68713,742.96716,425.53583
Cyclist and vehicle tracking - 2.mp4,128,2,bicycle,0.29128948,716.246,396.09793,748.1499,426.85892
Cyclist and vehicle tracking - 2.mp4,129,2,bicycle,0.35638782,717.51196,397.35175,747.9153,424.50702
Cyclist and vehicle tracking - 2.mp4,130,2,bicycle,0.34353915,719.55695,397.17206,747.79877,424.09723
Cyclist and vehicle tracking - 2.mp4,131,2,bicycle,0.3345542,720.2766,396.466,751.14014,423.82898
Cyclist and vehicle tracking - 2.mp4,132,2,bicycle,0.33439285,721.37146,396.31915,750.8788,422.3853
Cyclist and vehicle tracking - 2.mp4,133,2,bicycle,0.5014112,721.8696,397.28088,754.1907,423.33606
Cyclist and vehicle tracking - 2.mp4,134,2,bicycle,0.48015448,723.3481,397.63568,751.52325,421.70844
Cyclist and vehicle tracking - 2.mp4,135,2,bicycle,0.5195201,724.3707,397.80804,750.9236,423.21246
Cyclist and vehicle tracking - 2.mp4,136,2,bicycle,0.5174752,724.8425,397.61346,751.334,421.21863
Cyclist and vehicle tracking - 2.mp4,137,2,bicycle,0.4750298,725.20056,397.93488,752.5021,424.0916
Cyclist and vehicle tracking - 2.mp4,138,2,bicycle,0.433791,725.4739,397.67508,753.9076,420.89444
Cyclist and vehicle tracking - 2.mp4,139,2,bicycle,0.43656337,725.7905,397.893,754.99854,421.75812
Cyclist and vehicle tracking - 2.mp4,140,2,bicycle,0.50618094,725.68304,398.16385,755.7331,422.81564
Cyclist and vehicle tracking - 2.mp4,141,2,bicycle,0.48142168,726.0538,397.6822,757.66595,423.55768
Cyclist and vehicle tracking - 2.mp4,142,2,bicycle,0.40963516,726.7174,397.87897,756.8998,423.54144
Cyclist and vehicle tracking - 2.mp4,143,2,bicycle,0.4316689,726.6907,398.91864,758.12964,424.78864
Cyclist and vehicle tracking - 2.mp4,144,2,bicycle,0.3698977,726.71265,398.61523,760.85144,424.53735
Cyclist and vehicle tracking - 2.mp4,145,2,bicycle,0.29486394,727.8651,397.58463,755.32275,423.26114
Cyclist and vehicle tracking - 2.mp4,146,2,bicycle,0.36767462,728.2653,397.68896,757.49677,423.52783
Cyclist and vehicle tracking - 2.mp4,147,2,bicycle,0.36629948,728.3774,397.72046,756.919,423.80322
Cyclist and vehicle tracking - 2.mp4,148,2,bicycle,0.42397037,735.2975,398.7073,760.1963,422.63156
Cyclist and vehicle tracking - 2.mp4,149,2,bicycle,0.40096056,737.52496,399.09296,762.9504,422.14655
Cyclist and vehicle tracking - 2.mp4,150,2,bicycle,0.51428384,738.4673,398.55347,766.0718,422.12427
Cyclist and vehicle tracking - 2.mp4,151,2,bicycle,0.54513013,739.94495,399.27448,766.3778,421.4264
Cyclist and vehicle tracking - 2.mp4,152,2,bicycle,0.61631227,741.32996,399.5094,768.16956,421.33765
Cyclist and vehicle tracking - 2.mp4,153,2,bicycle,0.5091402,743.04895,398.248,771.8729,422.6864
Cyclist and vehicle tracking - 2.mp4,154,2,bicycle,0.52355695,744.75415,399.02234,771.81323,423.06982
Cyclist and vehicle tracking - 2.mp4,155,2,bicycle,0.5157926,745.4592,399.09937,772.58887,422.8994
Cyclist and vehicle tracking - 2.mp4,156,2,bicycle,0.39467615,747.45447,398.20905,773.7799,421.8105
Cyclist and vehicle tracking - 2.mp4,157,2,bicycle,0.25558835,748.2274,396.92084,774.33044,419.68988
Cyclist and vehicle tracking - 2.mp4,158,2,bicycle,0.39342463,749.77435,399.57,777.7225,422.43658
Cyclist and vehicle tracking - 2.mp4,159,2,bicycle,0.41836223,751.3237,398.7129,779.32104,423.13562
Cyclist and vehicle tracking - 2.mp4,160,2,bicycle,0.49334943,752.42615,398.36267,782.8087,425.92725
Cyclist and vehicle tracking - 2.mp4,161,2,bicycle,0.5181019,753.9817,398.17603,783.1074,424.04407
Cyclist and vehicle tracking - 2.mp4,162,2,bicycle,0.503241,755.29517,398.97516,782.80225,422.6098
Cyclist and vehicle tracking - 2.mp4,163,2,bicycle,0.5332322,756.1362,399.04077,785.04675,423.24536
Cyclist and vehicle tracking - 2.mp4,164,2,bicycle,0.4879643,756.67346,399.36865,784.05273,426.93964
Cyclist and vehicle tracking - 2.mp4,165,2,bicycle,0.4477296,757.6095,400.0536,787.235,422.96497
Cyclist and vehicle tracking - 2.mp4,166,2,bicycle,0.44334242,757.693,399.81635,786.07336,423.09406
Cyclist and vehicle tracking - 2.mp4,167,2,bicycle,0.34925613,758.35815,399.37292,792.81836,424.78192
Cyclist and vehicle tracking - 2.mp4,168,2,bicycle,0.30006576,758.7582,400.48273,792.48376,425.0943
Cyclist and vehicle tracking - 2.mp4,169,2,bicycle,0.30999467,760.69995,399.53326,791.33716,426.6353
Cyclist and vehicle tracking - 2.mp4,170,2,bicycle,0.30501097,762.20917,399.3841,792.9621,425.53668
Cyclist and vehicle tracking - 2.mp4,171,2,bicycle,0.28402007,776.4301,398.01285,802.78204,423.81705
Cyclist and vehicle tracking - 2.mp4,172,2,bicycle,0.3276223,782.93274,398.83487,809.3358,424.70193
Cyclist and vehicle tracking - 2.mp4,173,2,bicycle,0.40040082,783.5146,398.81464,810.6735,424.79828
Cyclist and vehicle tracking - 2.mp4,174,2,bicycle,0.35848287,784.11597,399.26364,811.999,425.16562
Cyclist and vehicle tracking - 2.mp4,175,2,bicycle,0.48246026,784.8747,398.393,813.90717,425.99207
Cyclist and vehicle tracking - 2.mp4,176,2,bicycle,0.44492882,785.0757,398.87384,813.30945,425.25494
Cyclist and vehicle tracking - 2.mp4,177,2,bicycle,0.5635661,785.4479,399.46085,816.078,426.75217
Cyclist and vehicle tracking - 2.mp4,178,2,bicycle,0.4631552,786.7932,400.26358,814.8242,427.61008
Cyclist and vehicle tracking - 2.mp4,179,2,bicycle,0.41933954,787.3387,400.65213,814.9206,428.0079
Cyclist and vehicle tracking - 2.mp4,180,2,bicycle,0.4772308,787.5195,399.7326,817.51373,430.13544
Cyclist and vehicle tracking - 2.mp4,181,2,bicycle,0.49038815,788.3075,400.19305,817.2645,429.62958
Cyclist and vehicle tracking - 2.mp4,182,2,bicycle,0.47372165,789.25757,399.8225,818.0569,428.958
Cyclist and vehicle tracking - 2.mp4,183,2,bicycle,0.38113004,789.59106,399.40005,820.8956,426.60062
Cyclist and vehicle tracking - 2.mp4,184,2,bicycle,0.4713363,789.7814,400.19794,818.39197,427.15167
Cyclist and vehicle tracking - 2.mp4,185,2,bicycle,0.4521584,790.21326,400.3225,820.54944,427.81042
Cyclist and vehicle tracking - 2.mp4,186,2,bicycle,0.40522367,791.797,400.1503,817.90015,428.44638
Cyclist and vehicle tracking - 2.mp4,186,2,bicycle,0.25256765,793.1001,402.03583,820.50903,435.4743
Cyclist and vehicle tracking - 2.mp4,187,2,bicycle,0.3209364,792.6907,400.3731,819.02246,426.09308
Cyclist and vehicle tracking - 2.mp4,188,2,bicycle,0.3044854,793.11084,400.85168,818.8679,425.66333
Cyclist and vehicle tracking - 2.mp4,189,2,bicycle,0.32759184,793.868,400.78394,821.72955,425.19226
Cyclist and vehicle tracking - 2.mp4,190,2,bicycle,0.3899421,794.02155,400.28806,822.66925,426.12387
Cyclist and vehicle tracking - 2.mp4,191,2,bicycle,0.31191257,795.2147,400.6729,821.90125,424.73718
Cyclist and vehicle tracking - 2.mp4,192,2,bicycle,0.38983232,795.3062,400.21173,821.81146,424.23016
Cyclist and vehicle tracking - 2.mp4,193,2,bicycle,0.39842677,795.71826,400.35895,824.2141,424.76715
Cyclist and vehicle tracking - 2.mp4,194,2,bicycle,0.40019298,795.94775,400.01758,823.9098,424.70142
Cyclist and vehicle tracking - 2.mp4,195,2,bicycle,0.25056738,800.21606,400.14417,829.38196,432.28357
Cyclist and vehicle tracking - 2.mp4,196,2,bicycle,0.30856898,800.40845,400.2503,828.3878,426.95306
Cyclist and vehicle tracking - 2.mp4,197,2,bicycle,0.38847756,800.5746,400.14365,830.2782,427.80588
Cyclist and vehicle tracking - 2.mp4,198,2,bicycle,0.419562,800.9703,399.8835,830.9882,428.72867
Cyclist and vehicle tracking - 2.mp4,199,2,bicycle,0.4674965,801.1755,399.62183,831.03644,430.02063
Cyclist and vehicle tracking - 2.mp4,200,2,bicycle,0.4965678,801.6262,400.07385,830.6266,428.79175
Cyclist and vehicle tracking - 2.mp4,201,2,bicycle,0.50381273,801.79346,400.45792,830.3093,428.42514
Cyclist and vehicle tracking - 2.mp4,202,2,bicycle,0.44106165,802.04913,400.68134,831.39606,425.07324
Cyclist and vehicle tracking - 2.mp4,203,2,bicycle,0.3426252,802.28815,400.1947,833.1337,425.005
Cyclist and vehicle tracking - 2.mp4,204,2,bicycle,0.45127124,802.39435,400.3758,830.93317,426.9641
Cyclist and vehicle tracking - 2.mp4,205,2,bicycle,0.47635627,802.44696,400.79865,831.20953,428.0119
Cyclist and vehicle tracking - 2.mp4,206,2,bicycle,0.41928196,802.89844,400.05652,830.9492,427.85022
Cyclist and vehicle tracking - 2.mp4,207,2,bicycle,0.28512695,803.43726,399.76636,832.59644,425.62817
Cyclist and vehicle tracking - 2.mp4,208,2,bicycle,0.25665873,803.55554,399.64896,832.4674,425.05478
Cyclist and vehicle tracking - 2.mp4,209,2,bicycle,0.28574124,803.7958,400.0216,832.67004,426.2666
Cyclist and vehicle tracking - 2.mp4,210,2,bicycle,0.29588577,804.18335,399.08954,830.57446,425.0869
Cyclist and vehicle tracking - 2.mp4,211,2,bicycle,0.3783792,803.9806,400.6157,833.4879,425.95248
Cyclist and vehicle tracking - 2.mp4,212,2,bicycle,0.31983504,804.1687,399.25623,832.9905,425.53455
Cyclist and vehicle tracking - 2.mp4,213,2,bicycle,0.25820795,804.29846,398.0155,832.2882,425.0614
Cyclist and vehicle tracking - 2.mp4,214,2,bicycle,0.2978767,804.27637,397.80646,832.69824,423.86285
Cyclist and vehicle tracking - 2.mp4,215,2,bicycle,0.38458416,804.20056,398.66052,834.2484,423.27856
Cyclist and vehicle tracking - 2.mp4,216,2,bicycle,0.42657143,804.1156,399.1389,833.6664,424.0842
Cyclist and vehicle tracking - 2.mp4,217,2,bicycle,0.43677172,804.36206,398.88,833.3396,425.53613
Cyclist and vehicle tracking - 2.mp4,218,2,bicycle,0.41497433,804.67676,399.0239,831.8303,423.99728
Cyclist and vehicle tracking - 2.mp4,219,2,bicycle,0.3559712,805.0908,398.60324,832.4741,424.57626
Cyclist and vehicle tracking - 2.mp4,220,2,bicycle,0.3716144,805.32434,398.95407,834.556,424.92123
Cyclist and vehicle tracking - 2.mp4,221,2,bicycle,0.43248188,805.61414,398.34753,835.14465,426.6012
Cyclist and vehicle tracking - 2.mp4,222,2,bicycle,0.4507272,805.9078,398.57596,836.25336,426.60165
Cyclist and vehicle tracking - 2.mp4,223,2,bicycle,0.44197056,805.96704,398.95218,836.9336,427.5928
Cyclist and vehicle tracking - 2.mp4,224,2,bicycle,0.46328157,805.88293,399.32025,837.10095,427.1889
Cyclist and vehicle tracking - 2.mp4,225,2,bicycle,0.5081308,805.78577,399.16016,837.33386,427.41418
Cyclist and vehicle tracking - 2.mp4,226,2,bicycle,0.38578677,806.0158,399.08267,837.12933,426.4014
Cyclist and vehicle tracking - 2.mp4,227,2,bicycle,0.46312457,805.9611,399.64484,837.06537,426.61
Cyclist and vehicle tracking - 2.mp4,228,2,bicycle,0.48850787,806.0558,399.8161,835.8722,425.99554
Cyclist and vehicle tracking - 2.mp4,229,2,bicycle,0.4685959,805.91656,400.71942,833.9378,425.82233
Cyclist and vehicle tracking - 2.mp4,230,2,bicycle,0.40400445,806.2075,400.59308,834.864,424.7318
Cyclist and vehicle tracking - 2.mp4,231,2,bicycle,0.5002456,807.7973,400.0929,834.9782,426.33594
Cyclist and vehicle tracking - 2.mp4,232,2,bicycle,0.48217624,808.165,400.24994,835.6706,425.263
Cyclist and vehicle tracking - 2.mp4,233,2,bicycle,0.41795826,808.30664,400.35645,835.3828,424.8158
Cyclist and vehicle tracking - 2.mp4,234,2,bicycle,0.33795592,809.157,400.13623,836.28394,423.58466
Cyclist and vehicle tracking - 2.mp4,235,2,bicycle,0.25276932,809.8523,401.0044,837.38135,423.70813
Cyclist and vehicle tracking - 2.mp4,236,2,bicycle,0.25938606,817.1493,403.8592,843.0265,427.9997
Cyclist and vehicle tracking - 2.mp4,237,2,bicycle,0.49032617,817.0968,403.39282,847.4933,429.82343
Cyclist and vehicle tracking - 2.mp4,238,2,bicycle,0.50412095,817.4369,404.46954,847.7096,432.99457
Cyclist and vehicle tracking - 2.mp4,239,2,bicycle,0.33353224,817.9255,404.5876,846.4246,433.2818
Cyclist and vehicle tracking - 2.mp4,240,2,bicycle,0.31866816,819.24274,404.6269,846.31647,430.16602
Cyclist and vehicle tracking - 2.mp4,241,2,bicycle,0.3517698,819.81775,405.7843,848.4835,433.3639
Cyclist and vehicle tracking - 2.mp4,242,2,bicycle,0.40324184,822.3894,406.31946,850.74854,437.6328
Cyclist and vehicle tracking - 2.mp4,243,2,bicycle,0.2820467,823.7367,407.5296,851.16077,437.34943
Cyclist and vehicle tracking - 2.mp4,244,2,bicycle,0.28078023,826.9554,409.35516,856.4534,437.00934
Cyclist and vehicle tracking - 2.mp4,245,2,bicycle,0.31899956,827.216,408.47565,857.6364,439.25897
Cyclist and vehicle tracking - 2.mp4,246,2,bicycle,0.36083937,827.2859,408.50122,857.23376,437.87476
Cyclist and vehicle tracking - 2.mp4,247,2,bicycle,0.43121454,827.46643,407.56808,856.4696,437.75333
Cyclist and vehicle tracking - 2.mp4,248,2,bicycle,0.36335632,827.21844,407.44424,856.25433,438.58426
Cyclist and vehicle tracking - 2.mp4,249,2,bicycle,0.46252617,827.5831,407.31458,855.3939,437.68726
Cyclist and vehicle tracking - 2.mp4,250,2,bicycle,0.42922163,828.54724,407.21344,855.57825,438.32983
Cyclist and vehicle tracking - 2.mp4,251,2,bicycle,0.36926976,828.89026,407.05603,857.8423,439.24365
Cyclist and vehicle tracking - 2.mp4,252,2,bicycle,0.4446298,829.11597,408.05185,856.4973,439.1539
Cyclist and vehicle tracking - 2.mp4,253,2,bicycle,0.47012743,829.2335,408.80737,856.46423,439.3589
Cyclist and vehicle tracking - 2.mp4,254,2,bicycle,0.38593456,828.98663,408.3194,856.74896,439.4687
Cyclist and vehicle tracking - 2.mp4,255,2,bicycle,0.31954196,829.0985,409.5293,857.0686,438.20105
Cyclist and vehicle tracking - 2.mp4,256,2,bicycle,0.3214265,829.2273,409.69147,857.11743,437.2635
Cyclist and vehicle tracking - 2.mp4,257,2,bicycle,0.40170455,830.08057,409.64816,857.4851,438.14346
Cyclist and vehicle tracking - 2.mp4,258,2,bicycle,0.33910614,830.38025,408.69824,858.59924,438.69104
Cyclist and vehicle tracking - 2.mp4,259,2,bicycle,0.36518845,831.65735,408.9109,858.3707,435.52545
Cyclist and vehicle tracking - 2.mp4,260,2,bicycle,0.25929302,830.9447,409.95978,859.4159,436.4486
Cyclist and vehicle tracking - 2.mp4,261,2,bicycle,0.44232595,831.2933,409.60425,859.0118,433.03925
Cyclist and vehicle tracking - 2.mp4,262,2,bicycle,0.38340995,831.9601,409.30804,859.67957,433.2127
Cyclist and vehicle tracking - 2.mp4,263,2,bicycle,0.43131304,831.8732,409.53577,860.82025,433.91095
Cyclist and vehicle tracking - 2.mp4,264,2,bicycle,0.43964612,831.9299,409.55658,860.99713,433.64276
Cyclist and vehicle tracking - 2.mp4,265,2,bicycle,0.44099367,832.01575,409.72388,860.10583,432.2638
Cyclist and vehicle tracking - 2.mp4,266,2,bicycle,0.42378077,832.08704,409.672,860.4568,432.46765
Cyclist and vehicle tracking - 2.mp4,267,2,bicycle,0.40503496,832.09045,409.64627,859.16394,432.1094
Cyclist and vehicle tracking - 2.mp4,268,2,bicycle,0.35865986,832.03296,409.64258,858.7759,432.07983
Cyclist and vehicle tracking - 2.mp4,269,2,bicycle,0.3562507,831.56476,409.52286,859.17096,434.27725
Cyclist and vehicle tracking - 2.mp4,270,2,bicycle,0.33013493,831.7318,408.90045,857.90686,433.00946
Cyclist and vehicle tracking - 2.mp4,271,2,bicycle,0.29578027,830.2726,410.95465,860.26855,437.6662
Cyclist and vehicle tracking - 2.mp4,272,2,bicycle,0.49679288,829.37683,408.99567,857.1134,438.1021
Cyclist and vehicle tracking - 2.mp4,273,2,bicycle,0.32692122,828.56726,408.27975,857.0858,436.5139
Cyclist and vehicle tracking - 2.mp4,274,2,bicycle,0.29443958,829.2881,408.09958,856.4363,436.72824
Cyclist and vehicle tracking - 2.mp4,275,2,bicycle,0.3460916,828.4138,407.74738,855.17334,436.84363
Cyclist and vehicle tracking - 2.mp4,276,2,bicycle,0.4814257,827.41174,407.57715,855.46155,437.63965
Cyclist and vehicle tracking - 2.mp4,277,2,bicycle,0.49359235,827.0885,406.7747,855.17834,438.2001
Cyclist and vehicle tracking - 2.mp4,278,2,bicycle,0.4358959,826.6005,406.4114,856.40924,439.07022
Cyclist and vehicle tracking - 2.mp4,279,2,bicycle,0.3785044,827.8838,405.8686,856.15845,438.5534
Cyclist and vehicle tracking - 2.mp4,280,2,bicycle,0.44323984,826.43823,406.0658,854.67236,438.2771
Cyclist and vehicle tracking - 2.mp4,281,2,bicycle,0.4258806,825.80896,406.53174,855.28796,438.84094
Cyclist and vehicle tracking - 2.mp4,282,2,bicycle,0.43483576,825.4497,405.56964,855.5935,437.36835
Cyclist and vehicle tracking - 2.mp4,283,2,bicycle,0.3464843,825.51227,404.57114,855.05646,436.19156
Cyclist and vehicle tracking - 2.mp4,284,2,bicycle,0.36695567,825.20435,404.77228,856.407,436.34064
Cyclist and vehicle tracking - 2.mp4,285,2,bicycle,0.32613602,824.8973,405.0918,858.4102,436.9292
Cyclist and vehicle tracking - 2.mp4,286,2,bicycle,0.3452508,824.64124,404.33533,853.51575,429.4214
Cyclist and vehicle tracking - 2.mp4,287,2,bicycle,0.5175661,824.0089,404.61597,856.629,435.51404
Cyclist and vehicle tracking - 2.mp4,288,2,bicycle,0.5126649,823.79517,405.55707,854.99585,432.16022
Cyclist and vehicle tracking - 2.mp4,289,2,bicycle,0.4787704,823.78815,405.5865,853.2082,430.50745
Cyclist and vehicle tracking - 2.mp4,290,2,bicycle,0.48965335,823.70654,404.59897,855.2418,430.35367
Cyclist and vehicle tracking - 2.mp4,291,2,bicycle,0.2813809,822.31445,404.0218,851.94885,426.33392
Cyclist and vehicle tracking - 2.mp4,292,2,bicycle,0.32598346,822.0478,403.89624,851.70245,426.07385
Cyclist and vehicle tracking - 2.mp4,293,2,bicycle,0.30774513,821.99695,403.7397,851.93176,427.19666
Cyclist and vehicle tracking - 2.mp4,294,2,bicycle,0.34096226,820.79755,402.01404,849.34503,428.44214
Cyclist and vehicle tracking - 2.mp4,295,2,bicycle,0.33351976,820.5619,401.96393,850.5592,428.69
Cyclist and vehicle tracking - 2.mp4,296,2,bicycle,0.3193701,820.29254,401.36792,855.31586,433.62622
Cyclist and vehicle tracking - 2.mp4,297,2,bicycle,0.36378062,819.79175,401.534,855.1738,433.22272
Cyclist and vehicle tracking - 2.mp4,298,2,bicycle,0.30389073,820.17706,401.56613,856.45184,430.65408
Cyclist and vehicle tracking - 2.mp4,299,2,bicycle,0.40014303,819.98315,401.64496,853.81616,431.6231
Cyclist and vehicle tracking - 2.mp4,300,2,bicycle,0.4672857,819.8094,401.92706,851.4672,433.60742
Cyclist and vehicle tracking - 2.mp4,301,2,bicycle,0.43043512,820.2192,401.99402,851.78094,432.8864
Cyclist and vehicle tracking - 2.mp4,302,2,bicycle,0.38103375,820.09143,402.00555,851.81946,431.7968
Cyclist and vehicle tracking - 2.mp4,303,2,bicycle,0.4756562,819.307,401.49545,850.3507,431.36795
Cyclist and vehicle tracking - 2.mp4,304,2,bicycle,0.46705216,818.75134,401.77426,850.6085,431.42227
Cyclist and vehicle tracking - 2.mp4,305,2,bicycle,0.55042803,818.0054,400.98438,848.8623,431.3734
Cyclist and vehicle tracking - 2.mp4,306,2,bicycle,0.26671636,949.8464,482.49908,985.6423,511.6236
Cyclist and vehicle tracking - 2.mp4,307,2,bicycle,0.34439778,956.1909,478.83606,985.8207,508.6317
Cyclist and vehicle tracking - 2.mp4,308,2,bicycle,0.49976754,955.33167,478.52725,985.58484,508.3839
Cyclist and vehicle tracking - 2.mp4,309,2,bicycle,0.4466064,956.3918,478.5432,984.8017,508.2589
Cyclist and vehicle tracking - 2.mp4,310,2,bicycle,0.5421011,955.88104,479.041,986.19073,507.95605
Cyclist and vehicle tracking - 2.mp4,311,2,bicycle,0.49913597,955.91907,479.57153,988.2875,508.25928
Cyclist and vehicle tracking - 2.mp4,312,2,bicycle,0.4699217,956.35565,478.43616,986.2381,508.01184
Cyclist and vehicle tracking - 2.mp4,313,2,bicycle,0.47036216,956.86597,477.88205,981.05884,507.07812
Cyclist and vehicle tracking - 2.mp4,314,2,bicycle,0.5041491,957.12756,480.11334,989.4867,508.86322
Cyclist and vehicle tracking - 2.mp4,315,2,bicycle,0.49459907,957.29376,479.94763,987.37067,508.17737
Cyclist and vehicle tracking - 2.mp4,316,2,bicycle,0.5168598,957.0491,479.29123,987.3054,508.25293
Cyclist and vehicle tracking - 2.mp4,317,2,bicycle,0.6001124,956.1426,478.34613,986.19385,507.13483
Cyclist and vehicle tracking - 2.mp4,318,2,bicycle,0.5553203,956.183,477.99762,984.5768,507.5617
Cyclist and vehicle tracking - 2.mp4,319,2,bicycle,0.3919181,955.86096,476.7922,983.683,508.06055
Cyclist and vehicle tracking - 2.mp4,320,2,bicycle,0.2757498,958.4189,477.841,985.6077,510.13837
Cyclist and vehicle tracking - 2.mp4,321,2,bicycle,0.5022967,946.38086,475.85248,980.39404,506.4405
Cyclist and vehicle tracking - 2.mp4,322,2,bicycle,0.51571304,935.4116,480.05438,978.27295,515.67194
Cyclist and vehicle tracking - 2.mp4,323,2,bicycle,0.5410001,930.63025,479.1333,978.55164,513.8364
Cyclist and vehicle tracking - 2.mp4,324,2,bicycle,0.37245438,928.0685,468.5534,955.34973,498.14966
Cyclist and vehicle tracking - 2.mp4,324,2,bicycle,0.25608948,928.98474,473.4154,960.7406,502.25226
Cyclist and vehicle tracking - 2.mp4,325,2,bicycle,0.3521463,924.18066,469.19476,951.1321,497.32684
Cyclist and vehicle tracking - 2.mp4,326,2,bicycle,0.49541578,921.7456,469.06677,955.21655,497.98456
Cyclist and vehicle tracking - 2.mp4,326,2,bicycle,0.33896124,930.9037,477.8037,966.4689,504.36438
Cyclist and vehicle tracking - 2.mp4,326,2,bicycle,0.27318224,937.0615,480.59216,967.4535,510.5868
Cyclist and vehicle tracking - 2.mp4,327,2,bicycle,0.3275849,931.9001,478.71262,963.0528,505.67163
Cyclist and vehicle tracking - 2.mp4,327,2,bicycle,0.31214267,921.66174,469.19397,948.9221,497.1045
Cyclist and vehicle tracking - 2.mp4,328,2,bicycle,0.280735,929.2085,476.9112,963.54456,508.00702
Cyclist and vehicle tracking - 2.mp4,329,2,bicycle,0.5218995,917.4718,477.2955,963.1476,507.59778
Cyclist and vehicle tracking - 2.mp4,330,2,bicycle,0.34962556,917.187,476.4022,963.61304,509.85437
Cyclist and vehicle tracking - 2.mp4,331,2,bicycle,0.5586115,916.2042,476.06372,961.3629,509.78906
Cyclist and vehicle tracking - 2.mp4,332,2,bicycle,0.43763807,915.6101,477.1927,959.0847,506.84625
Cyclist and vehicle tracking - 2.mp4,333,2,bicycle,0.4590894,915.3738,474.539,954.103,500.73212
Cyclist and vehicle tracking - 2.mp4,333,2,bicycle,0.27869493,926.70337,481.17764,959.6936,509.8463
Cyclist and vehicle tracking - 2.mp4,334,2,bicycle,0.6324646,914.49207,473.7,957.3302,500.69696
Cyclist and vehicle tracking - 2.mp4,334,2,bicycle,0.5226676,917.6384,478.06482,962.2634,509.93445
Cyclist and vehicle tracking - 2.mp4,335,2,bicycle,0.5957737,914.37537,472.88788,955.9922,498.57794
Cyclist and vehicle tracking - 2.mp4,335,2,bicycle,0.5188514,918.397,479.86072,961.8694,509.81946
Cyclist and vehicle tracking - 2.mp4,336,2,bicycle,0.587327,913.74835,472.05182,955.49335,498.6374
Cyclist and vehicle tracking - 2.mp4,336,2,bicycle,0.44745237,917.1638,478.707,960.97705,509.1018
Cyclist and vehicle tracking - 2.mp4,337,2,bicycle,0.6609249,912.86816,471.00293,950.22314,495.84985
Cyclist and vehicle tracking - 2.mp4,337,2,bicycle,0.285306,928.5719,485.06604,962.452,509.37756
Cyclist and vehicle tracking - 2.mp4,338,2,bicycle,0.6882524,912.67554,471.21735,951.2124,496.48724
Cyclist and vehicle tracking - 2.mp4,338,2,bicycle,0.3314214,919.5491,478.95923,958.19226,507.96582
Cyclist and vehicle tracking - 2.mp4,338,2,bicycle,0.32405803,917.0089,469.08252,945.3524,497.6739
Cyclist and vehicle tracking - 2.mp4,339,2,bicycle,0.6898539,912.06146,470.87872,951.31854,496.33026
Cyclist and vehicle tracking - 2.mp4,339,2,bicycle,0.26209712,915.38904,472.11157,956.4501,501.81836
Cyclist and vehicle tracking - 2.mp4,339,2,bicycle,0.25113663,917.76013,477.89734,956.54395,507.47302
Cyclist and vehicle tracking - 2.mp4,340,2,bicycle,0.70616865,910.8474,470.47284,946.55615,495.41632
Cyclist and vehicle tracking - 2.mp4,341,2,bicycle,0.6926416,910.60535,470.5432,948.2855,495.62207
Cyclist and vehicle tracking - 2.mp4,341,2,bicycle,0.29480922,914.75964,468.50647,942.8627,497.06525
Cyclist and vehicle tracking - 2.mp4,342,2,bicycle,0.6911318,910.6931,471.1667,946.1284,494.1076
Cyclist and vehicle tracking - 2.mp4,343,2,bicycle,0.73906285,910.2121,470.419,944.4494,493.9312
Cyclist and vehicle tracking - 2.mp4,343,2,bicycle,0.26093432,926.569,482.69684,960.91345,506.4599
Cyclist and vehicle tracking - 2.mp4,344,2,bicycle,0.7289537,908.9581,469.93732,946.98474,493.75067
Cyclist and vehicle tracking - 2.mp4,345,2,bicycle,0.7216651,908.4751,468.4823,949.1362,493.49634
Cyclist and vehicle tracking - 2.mp4,345,2,bicycle,0.26075897,925.84106,480.69452,961.13965,504.4699
Cyclist and vehicle tracking - 2.mp4,346,2,bicycle,0.6454107,908.3519,468.16272,948.9675,492.93823
Cyclist and vehicle tracking - 2.mp4,347,2,bicycle,0.694246,906.9249,466.50092,950.48425,492.48016
Cyclist and vehicle tracking - 2.mp4,348,2,bicycle,0.697687,906.1655,465.6618,947.10767,491.54205
Cyclist and vehicle tracking - 2.mp4,349,2,bicycle,0.6547835,904.9083,464.68488,946.14954,490.8498
Cyclist and vehicle tracking - 2.mp4,350,2,bicycle,0.703043,904.1365,463.96143,947.92566,491.36566
Cyclist and vehicle tracking - 2.mp4,351,2,bicycle,0.6801151,903.314,463.24902,948.3144,491.10095
Cyclist and vehicle tracking - 2.mp4,352,2,bicycle,0.6327395,902.53015,463.96368,941.8263,489.51587
Cyclist and vehicle tracking - 2.mp4,352,2,bicycle,0.33025685,911.6293,468.92755,944.8229,494.44452
Cyclist and vehicle tracking - 2.mp4,353,2,bicycle,0.63362086,902.1929,463.81104,945.2488,490.3374
Cyclist and vehicle tracking - 2.mp4,354,2,bicycle,0.60562205,900.5073,461.50012,942.8369,489.02753
Cyclist and vehicle tracking - 2.mp4,355,2,bicycle,0.6213648,900.0386,462.54047,941.4242,489.50494
Cyclist and vehicle tracking - 2.mp4,356,2,bicycle,0.55598766,899.3784,461.81943,939.272,487.50912
Cyclist and vehicle tracking - 2.mp4,356,2,bicycle,0.25512433,912.45245,466.77386,944.9262,493.14697
Cyclist and vehicle tracking - 2.mp4,357,2,bicycle,0.6120729,898.2915,462.03778,938.9961,488.44525
Cyclist and vehicle tracking - 2.mp4,358,2,bicycle,0.65788794,897.33545,460.96338,940.1439,486.2329
Cyclist and vehicle tracking - 2.mp4,359,2,bicycle,0.65628856,896.9718,461.06366,939.65015,485.78888
Cyclist and vehicle tracking - 2.mp4,360,2,bicycle,0.61634606,896.7551,459.7578,933.5364,484.61304
Cyclist and vehicle tracking - 2.mp4,361,2,bicycle,0.6394846,895.4567,459.73755,933.2332,484.3042
Cyclist and vehicle tracking - 2.mp4,362,2,bicycle,0.6308308,895.0781,457.14838,938.8352,484.09064
Cyclist and vehicle tracking - 2.mp4,363,2,bicycle,0.61558086,893.8729,456.89795,938.6144,483.85217
Cyclist and vehicle tracking - 2.mp4,364,2,bicycle,0.6193726,893.6228,455.78186,938.34814,483.19946
Cyclist and vehicle tracking - 2.mp4,365,2,bicycle,0.62647706,892.73755,456.65378,938.84106,482.93826
Cyclist and vehicle tracking - 2.mp4,366,2,bicycle,0.66661763,891.935,455.45398,935.7424,482.65613
Cyclist and vehicle tracking - 2.mp4,367,2,bicycle,0.7067169,890.422,453.03873,928.3036,480.48874
Cyclist and vehicle tracking - 2.mp4,367,2,bicycle,0.25966206,899.2956,459.23605,939.0777,485.45462
Cyclist and vehicle tracking - 2.mp4,368,2,bicycle,0.70436627,890.2825,453.81705,937.5077,481.48257
Cyclist and vehicle tracking - 2.mp4,369,2,bicycle,0.7611975,890.10345,453.6576,938.0971,481.6322
Cyclist and vehicle tracking - 2.mp4,370,2,bicycle,0.7293063,889.24786,453.33704,934.1136,480.2611
Cyclist and vehicle tracking - 2.mp4,371,2,bicycle,0.74690956,888.48083,451.86157,930.4221,479.61377
Cyclist and vehicle tracking - 2.mp4,372,2,bicycle,0.73316145,888.79816,453.237,934.3372,480.57635
Cyclist and vehicle tracking - 2.mp4,373,2,bicycle,0.76319367,888.2416,452.47803,932.9359,479.52783
Cyclist and vehicle tracking - 2.mp4,374,2,bicycle,0.71771336,886.6614,452.505,933.33374,479.89398
Cyclist and vehicle tracking - 2.mp4,375,2,bicycle,0.67223,887.1865,453.3623,929.59644,478.81323
Cyclist and vehicle tracking - 2.mp4,376,2,bicycle,0.63202155,886.9569,452.63992,925.97327,477.98843
Cyclist and vehicle tracking - 2.mp4,377,2,bicycle,0.5607265,886.812,449.9648,924.3446,477.8713
Cyclist and vehicle tracking - 2.mp4,378,2,bicycle,0.63900936,884.4855,450.4574,928.78723,478.526
Cyclist and vehicle tracking - 2.mp4,379,2,bicycle,0.6934176,883.96246,451.99338,928.9628,478.9609
Cyclist and vehicle tracking - 2.mp4,380,2,bicycle,0.72672343,883.7689,449.5585,929.0255,478.43655
Cyclist and vehicle tracking - 2.mp4,381,2,bicycle,0.68807185,883.1753,449.7943,928.428,478.469
Cyclist and vehicle tracking - 2.mp4,382,2,bicycle,0.6918138,881.71747,450.5274,922.3946,477.08612
Cyclist and vehicle tracking - 2.mp4,383,2,bicycle,0.6540482,881.8303,450.47256,920.438,476.70926
Cyclist and vehicle tracking - 2.mp4,384,2,bicycle,0.6866373,882.0522,449.39514,923.2946,477.2406
Cyclist and vehicle tracking - 2.mp4,385,2,bicycle,0.6457288,881.3423,449.39496,924.55115,477.52496
Cyclist and vehicle tracking - 2.mp4,386,2,bicycle,0.62251085,880.9684,450.0701,923.1334,476.1398
Cyclist and vehicle tracking - 2.mp4,387,2,bicycle,0.6715812,880.14636,451.11633,918.23083,475.56567
Cyclist and vehicle tracking - 2.mp4,387,2,bicycle,0.51219314,900.32104,460.0279,928.71387,482.76874
Cyclist and vehicle tracking - 2.mp4,388,2,bicycle,0.66969967,879.8615,450.6973,917.9705,475.61343
Cyclist and vehicle tracking - 2.mp4,388,2,bicycle,0.5128827,899.8988,459.152,929.1815,482.84647
Cyclist and vehicle tracking - 2.mp4,389,2,bicycle,0.59805274,879.9761,450.23343,917.0779,475.6392
Cyclist and vehicle tracking - 2.mp4,389,2,bicycle,0.35673726,899.09973,458.8645,928.4813,482.3335
Cyclist and vehicle tracking - 2.mp4,390,2,bicycle,0.56110257,879.8733,450.67334,919.5626,476.45972
Cyclist and vehicle tracking - 2.mp4,390,2,bicycle,0.26797143,897.4768,458.30643,928.1553,481.68936
Cyclist and vehicle tracking - 2.mp4,391,2,bicycle,0.4505922,880.0061,451.13702,918.744,476.35944
Cyclist and vehicle tracking - 2.mp4,392,2,bicycle,0.63486505,879.4894,450.84888,921.1354,476.4735
Cyclist and vehicle tracking - 2.mp4,393,2,bicycle,0.64892095,878.96277,450.76654,920.90686,476.7066
Cyclist and vehicle tracking - 2.mp4,394,2,bicycle,0.6213899,878.8103,450.5699,918.94727,476.607
Cyclist and vehicle tracking - 2.mp4,394,2,bicycle,0.27633986,887.5183,453.99124,923.3474,478.881
Cyclist and vehicle tracking - 2.mp4,395,2,bicycle,0.5904698,878.53986,451.22168,917.587,477.07874
Cyclist and vehicle tracking - 2.mp4,396,2,bicycle,0.6267261,877.9858,451.37292,917.3055,477.19928
Cyclist and vehicle tracking - 2.mp4,397,2,bicycle,0.63681865,877.6823,451.73468,919.36237,477.65912
Cyclist and vehicle tracking - 2.mp4,398,2,bicycle,0.6629667,877.61743,451.36957,919.04565,477.98322
Cyclist and vehicle tracking - 2.mp4,399,2,bicycle,0.6781301,877.74365,450.62244,917.1194,478.13342
Cyclist and vehicle tracking - 2.mp4,399,2,bicycle,0.34983113,886.48627,454.4572,921.27057,480.07697
Cyclist and vehicle tracking - 2.mp4,400,2,bicycle,0.6903061,877.76984,450.11047,918.1285,478.7638
Cyclist and vehicle tracking - 2.mp4,401,2,bicycle,0.68558484,878.4724,450.01807,918.2433,479.2035
Cyclist and vehicle tracking - 2.mp4,402,2,bicycle,0.6832302,878.97876,450.2456,917.75146,479.20532
Cyclist and vehicle tracking - 2.mp4,403,2,bicycle,0.64479953,879.4711,451.11145,916.01215,479.74182
Cyclist and vehicle tracking - 2.mp4,404,2,bicycle,0.62771326,879.0604,451.28662,917.2427,481.19556
Cyclist and vehicle tracking - 2.mp4,405,2,bicycle,0.55272573,879.59375,450.82727,912.78125,481.63
Cyclist and vehicle tracking - 2.mp4,405,2,bicycle,0.2654294,880.18506,455.53415,923.09424,482.86752
Cyclist and vehicle tracking - 2.mp4,406,2,bicycle,0.53097,879.72186,451.33218,916.8973,482.37723
Cyclist and vehicle tracking - 2.mp4,407,2,bicycle,0.5086397,879.99,452.2815,914.6328,482.66467
Cyclist and vehicle tracking - 2.mp4,408,2,bicycle,0.4538428,880.02185,452.26224,911.9972,482.90707
Cyclist and vehicle tracking - 2.mp4,409,2,bicycle,0.39990777,880.246,451.35034,910.1229,483.34857
Cyclist and vehicle tracking - 2.mp4,410,2,bicycle,0.26623058,879.9114,455.3123,916.98364,485.2175
Cyclist and vehicle tracking - 2.mp4,411,2,bicycle,0.35525724,879.59827,456.4699,916.2318,485.7093
Cyclist and vehicle tracking - 2.mp4,412,2,bicycle,0.26688182,879.97327,457.7602,912.702,485.7055
Cyclist and vehicle tracking - 2.mp4,413,2,bicycle,0.26861492,879.92676,456.53906,913.3113,486.06677
Cyclist and vehicle tracking - 2.mp4,414,2,bicycle,0.31043997,880.5722,457.47632,917.63165,491.037
Cyclist and vehicle tracking - 2.mp4,415,2,bicycle,0.2880697,880.6534,457.98364,917.23566,491.54688
Cyclist and vehicle tracking - 2.mp4,416,2,bicycle,0.29694924,879.4049,459.35046,916.6582,491.36206
Cyclist and vehicle tracking - 2.mp4,417,2,bicycle,0.3416447,879.366,459.31842,916.8759,491.3636
Cyclist and vehicle tracking - 2.mp4,418,2,bicycle,0.37469125,878.8125,459.32825,914.40454,490.6477
Cyclist and vehicle tracking - 2.mp4,419,2,bicycle,0.2847978,878.5721,458.89148,914.82745,490.2796
Cyclist and vehicle tracking - 2.mp4,420,2,bicycle,0.28986928,878.2819,458.92255,908.86115,490.445
Cyclist and vehicle tracking - 2.mp4,421,2,bicycle,0.27241433,878.4567,459.2589,905.72125,490.7763
Cyclist and vehicle tracking - 2.mp4,422,2,bicycle,0.27595478,878.4541,459.27496,905.98486,490.81525
Cyclist and vehicle tracking - 2.mp4,423,2,bicycle,0.28686115,877.84644,461.18536,909.3247,490.42126
Cyclist and vehicle tracking - 2.mp4,424,2,bicycle,0.2741088,876.3375,461.40967,900.7992,487.69006
Cyclist and vehicle tracking - 2.mp4,425,2,bicycle,0.26638672,875.9127,461.80707,902.96106,488.2146
Cyclist and vehicle tracking - 2.mp4,426,2,bicycle,0.31531686,875.0314,463.90546,899.5348,493.9936
Cyclist and vehicle tracking - 2.mp4,427,2,bicycle,0.32915497,873.0631,463.21338,897.3374,489.33313
Cyclist and vehicle tracking - 2.mp4,428,2,bicycle,0.28547075,872.25256,463.69385,895.02136,489.37036
Cyclist and vehicle tracking - 2.mp4,429,2,bicycle,0.258239,871.94324,464.9981,895.547,490.31403
Cyclist and vehicle tracking - 2.mp4,430,2,bicycle,0.2610177,870.61475,466.75055,892.97656,490.80133
Cyclist and vehicle tracking - 2.mp4,431,2,bicycle,0.31432056,868.45874,467.17908,890.6665,491.1183
Cyclist and vehicle tracking - 2.mp4,432,2,bicycle,0.34585378,868.42035,466.23798,889.78973,490.56866
Cyclist and vehicle tracking - 2.mp4,433,2,bicycle,0.28235635,868.0847,465.6477,888.8982,490.3993
Cyclist and vehicle tracking - 2.mp4,434,2,bicycle,0.292394,864.45386,461.72607,891.5676,491.03772
Cyclist and vehicle tracking - 2.mp4,435,2,bicycle,0.3193593,863.18823,461.94452,891.353,491.43225
Cyclist and vehicle tracking - 2.mp4,436,2,bicycle,0.33264822,863.04407,461.98785,890.27405,490.11932
Cyclist and vehicle tracking - 2.mp4,437,3,car,0.32969683,839.8939,461.06592,900.7396,496.547
Cyclist and vehicle tracking - 2.mp4,438,2,bicycle,0.27699828,832.33264,465.53644,874.8656,493.32025
Cyclist and vehicle tracking - 2.mp4,439,2,bicycle,0.3401426,832.0465,465.01288,875.5148,491.29987
Cyclist and vehicle tracking - 2.mp4,440,2,bicycle,0.43952137,831.7326,464.70636,874.88776,491.11517
Cyclist and vehicle tracking - 2.mp4,441,2,bicycle,0.30421406,831.5188,466.66803,872.4978,492.2992
Cyclist and vehicle tracking - 2.mp4,442,2,bicycle,0.30060422,831.38983,466.39917,872.4473,492.5739
Cyclist and vehicle tracking - 2.mp4,443,2,bicycle,0.39073053,831.2904,465.8103,874.0177,492.91724
Cyclist and vehicle tracking - 2.mp4,444,2,bicycle,0.3603268,830.7388,465.32562,878.0315,493.85248
Cyclist and vehicle tracking - 2.mp4,445,2,bicycle,0.33480775,830.40125,465.6015,876.5027,494.4444
Cyclist and vehicle tracking - 2.mp4,446,2,bicycle,0.35353237,830.29565,465.26917,872.8601,493.76538
Cyclist and vehicle tracking - 2.mp4,447,2,bicycle,0.3626198,830.1838,465.10675,870.0527,493.41498
Cyclist and vehicle tracking - 2.mp4,448,2,bicycle,0.39687324,830.1687,465.0343,869.7815,493.22083
Cyclist and vehicle tracking - 2.mp4,449,2,bicycle,0.31699705,751.1909,467.7683,776.39624,489.01318
Cyclist and vehicle tracking - 2.mp4,450,2,bicycle,0.27919623,738.53406,469.38477,761.1998,491.63123
Cyclist and vehicle tracking - 2.mp4,451,2,bicycle,0.27847326,530.6655,527.5831,555.3695,558.4774
Cyclist and vehicle tracking - 2.mp4,452,2,bicycle,0.37735602,527.39844,532.13257,550.24,564.1843
Cyclist and vehicle tracking - 2.mp4,453,2,bicycle,0.2563401,521.50085,530.91125,542.1261,564.4801
Cyclist and vehicle tracking - 2.mp4,454,2,bicycle,0.2740127,517.8202,535.32666,541.1742,572.48755
Cyclist and vehicle tracking - 2.mp4,454,2,bicycle,0.2585773,517.49756,532.3742,538.2803,566.85004
Cyclist and vehicle tracking - 2.mp4,455,2,bicycle,0.2605895,512.0542,534.69885,532.60425,566.454
Cyclist and vehicle tracking - 2.mp4,456,2,bicycle,0.2736608,465.63235,559.8567,487.09317,600.28394
Cyclist and vehicle tracking - 2.mp4,457,2,bicycle,0.29617193,383.98468,571.7936,405.74994,623.6002
Cyclist and vehicle tracking - 2.mp4,458,2,bicycle,0.39148504,381.53445,577.43,406.0043,637.741
Cyclist and vehicle tracking - 2.mp4,459,2,bicycle,0.5390737,378.99652,568.05334,409.46027,639.24524
Cyclist and vehicle tracking - 2.mp4,460,2,bicycle,0.39093125,378.11957,571.9241,401.73615,638.511
Cyclist and vehicle tracking - 2.mp4,461,2,bicycle,0.31075546,372.38373,579.72345,406.81427,641.72345
Cyclist and vehicle tracking - 2.mp4,462,2,bicycle,0.3345801,358.50427,579.2937,385.02576,627.69824
Cyclist and vehicle tracking - 2.mp4,463,2,bicycle,0.3880354,357.23004,577.55505,383.14044,625.7455
Cyclist and vehicle tracking - 2.mp4,464,2,bicycle,0.38984954,357.39227,576.68616,387.56146,626.88586
Cyclist and vehicle tracking - 2.mp4,465,2,bicycle,0.426532,356.3568,576.1047,384.05457,623.325
Cyclist and vehicle tracking - 2.mp4,466,2,bicycle,0.4007748,354.9287,576.02527,386.32288,627.4291
Cyclist and vehicle tracking - 2.mp4,467,2,bicycle,0.60296464,353.0998,575.9022,392.00507,637.98303
Cyclist and vehicle tracking - 2.mp4,468,2,bicycle,0.44383723,348.7927,576.75244,379.43094,635.031
Cyclist and vehicle tracking - 2.mp4,469,2,bicycle,0.6837301,347.61743,575.9824,388.5857,636.6123
Cyclist and vehicle tracking - 2.mp4,470,2,bicycle,0.560185,344.50708,574.593,379.91882,637.17163
Cyclist and vehicle tracking - 2.mp4,471,2,bicycle,0.45574287,343.15393,574.9004,379.49524,638.41345
Cyclist and vehicle tracking - 2.mp4,472,2,bicycle,0.80140483,339.09946,573.8927,382.92953,638.9137
Cyclist and vehicle tracking - 2.mp4,473,2,bicycle,0.53266895,338.32117,574.3685,380.69373,638.0022
Cyclist and vehicle tracking - 2.mp4,474,2,bicycle,0.47956628,336.81592,574.9957,378.7851,620.34924
Cyclist and vehicle tracking - 2.mp4,475,2,bicycle,0.6296425,335.01532,574.5543,378.16333,619.39905
Cyclist and vehicle tracking - 2.mp4,476,2,bicycle,0.39313832,339.05054,574.1249,379.84314,618.6488
Cyclist and vehicle tracking - 2.mp4,477,2,bicycle,0.428786,343.77203,573.429,377.4843,623.4406
Cyclist and vehicle tracking - 2.mp4,477,2,bicycle,0.26904494,341.6983,573.4027,386.601,628.4606
Cyclist and vehicle tracking - 2.mp4,478,2,bicycle,0.5188871,345.80988,571.54565,382.39575,630.3623
Cyclist and vehicle tracking - 2.mp4,479,2,bicycle,0.35406524,349.40826,571.2081,388.14368,629.6095
Cyclist and vehicle tracking - 2.mp4,480,2,bicycle,0.2725654,350.76233,571.2501,382.02148,623.86804
Cyclist and vehicle tracking - 2.mp4,481,2,bicycle,0.2512121,350.31937,571.5646,380.3267,619.4415
Cyclist and vehicle tracking - 2.mp4,482,2,bicycle,0.4956871,346.6906,569.49713,383.0838,617.8223
Cyclist and vehicle tracking - 2.mp4,483,2,bicycle,0.26053494,344.9767,569.5857,370.05112,611.7578
Cyclist and vehicle tracking - 2.mp4,484,2,bicycle,0.27631888,335.721,569.2499,373.83392,615.8866
Cyclist and vehicle tracking - 2.mp4,485,2,bicycle,0.59098345,330.8861,570.5008,379.5208,612.4156
Cyclist and vehicle tracking - 2.mp4,486,2,bicycle,0.3765676,329.26154,570.57404,377.73907,609.30597
Cyclist and vehicle tracking - 2.mp4,487,2,bicycle,0.29498315,332.00616,570.9315,367.3471,609.1239
Cyclist and vehicle tracking - 2.mp4,488,2,bicycle,0.48603228,327.9828,571.433,372.23254,609.85535
Cyclist and vehicle tracking - 2.mp4,489,2,bicycle,0.26360568,323.85733,570.93225,347.64462,605.0382
Cyclist and vehicle tracking - 2.mp4,490,2,bicycle,0.25650012,321.4198,570.68317,345.33447,606.4476
Cyclist and vehicle tracking - 2.mp4,491,2,bicycle,0.29581922,319.52893,570.8504,344.6194,604.88763
Cyclist and vehicle tracking - 2.mp4,492,2,bicycle,0.27715418,320.11945,573.6915,345.0396,606.1471
Cyclist and vehicle tracking - 2.mp4,492,2,bicycle,0.2770006,319.9459,582.0856,353.66458,609.6532
Cyclist and vehicle tracking - 2.mp4,493,2,bicycle,0.30138874,305.97098,577.92395,362.28683,608.7372
Cyclist and vehicle tracking - 2.mp4,494,2,bicycle,0.29800615,304.6665,575.58093,359.81848,601.4845
Cyclist and vehicle tracking - 2.mp4,495,2,bicycle,0.29803684,306.88715,584.8684,362.0456,609.5935
Cyclist and vehicle tracking - 2.mp4,496,2,bicycle,0.25416696,306.20618,577.96954,359.08057,605.2741
Cyclist and vehicle tracking - 2.mp4,497,2,bicycle,0.42435443,292.80035,580.3856,351.66913,615.2429
Cyclist and vehicle tracking - 2.mp4,498,2,bicycle,0.325602,287.73584,581.1487,344.6543,611.3688
Cyclist and vehicle tracking - 2.mp4,499,2,bicycle,0.40802678,286.62738,580.65045,343.5833,611.461
Cyclist and vehicle tracking - 2.mp4,500,2,bicycle,0.33266133,284.84106,575.91766,337.88562,606.3631
Cyclist and vehicle tracking - 2.mp4,501,2,bicycle,0.5552153,285.6538,572.78455,337.8783,604.3667
Cyclist and vehicle tracking - 2.mp4,502,2,bicycle,0.64106125,285.58972,571.24097,337.5489,603.5073
Cyclist and vehicle tracking - 2.mp4,503,2,bicycle,0.66353613,285.52927,571.7301,336.73953,604.08997
Cyclist and vehicle tracking - 2.mp4,504,2,bicycle,0.6101246,285.35406,572.3098,336.326,603.7998
Cyclist and vehicle tracking - 2.mp4,505,2,bicycle,0.44496942,283.9063,577.0276,334.72968,607.1394
Cyclist and vehicle tracking - 2.mp4,506,2,bicycle,0.6679921,284.6856,573.7956,334.40277,604.1215
Cyclist and vehicle tracking - 2.mp4,507,2,bicycle,0.6837252,285.3438,573.4686,333.9001,602.61414
Cyclist and vehicle tracking - 2.mp4,508,2,bicycle,0.2589759,284.71735,575.66266,332.41888,603.5435
Cyclist and vehicle tracking - 2.mp4,509,2,bicycle,0.2805047,284.1678,573.085,331.84833,600.7714
Cyclist and vehicle tracking - 2.mp4,510,2,bicycle,0.65642023,283.01154,570.6603,332.35248,599.6986
Cyclist and vehicle tracking - 2.mp4,511,2,bicycle,0.66146946,283.49274,569.22656,332.6291,599.7401
Cyclist and vehicle tracking - 2.mp4,512,2,bicycle,0.3910743,284.31445,571.5373,331.93518,599.4399
Cyclist and vehicle tracking - 2.mp4,513,2,bicycle,0.6196489,284.51117,568.4053,332.9715,596.77515
Cyclist and vehicle tracking - 2.mp4,514,2,bicycle,0.39668083,284.6335,568.10156,332.07004,596.82764
Cyclist and vehicle tracking - 2.mp4,515,2,bicycle,0.39901826,284.9544,567.87646,331.97797,595.46704
Cyclist and vehicle tracking - 2.mp4,516,2,bicycle,0.40855786,285.46866,566.40186,329.63168,592.8198
Cyclist and vehicle tracking - 2.mp4,517,2,bicycle,0.39225498,285.29333,567.615,333.3672,594.9946
Cyclist and vehicle tracking - 2.mp4,518,2,bicycle,0.4372255,286.15527,565.88556,333.65002,593.08
Cyclist and vehicle tracking - 2.mp4,519,2,bicycle,0.5283198,286.7602,564.51465,334.96722,591.0039
Cyclist and vehicle tracking - 2.mp4,520,2,bicycle,0.3694319,303.516,560.3707,349.31836,588.13464
Cyclist and vehicle tracking - 2.mp4,521,2,bicycle,0.5135351,332.2682,553.27057,383.4013,579.93866
Cyclist and vehicle tracking - 2.mp4,522,2,bicycle,0.31559217,337.36084,550.9822,383.90918,579.9746
Cyclist and vehicle tracking - 2.mp4,523,3,car,0.3868277,0.104141235,219.63458,73.743935,249.93939
Cyclist and vehicle tracking - 2.mp4,524,2,bicycle,0.26877233,717.27747,467.8432,751.1992,489.2243
Cyclist and vehicle tracking - 2.mp4,525,2,bicycle,0.26644993,717.5759,471.71002,744.0836,488.54437
Cyclist and vehicle tracking - 2.mp4,526,2,bicycle,0.25232792,746.92035,458.07013,770.3649,482.62976
Cyclist and vehicle tracking - 2.mp4,527,2,bicycle,0.27546498,722.28253,472.74884,751.8748,491.5291
Cyclist and vehicle tracking - 2.mp4,528,2,bicycle,0.2966391,738.15094,463.78015,769.2259,493.99475
Cyclist and vehicle tracking - 2.mp4,529,2,bicycle,0.29688752,736.89136,464.1582,768.04956,492.8294
Cyclist and vehicle tracking - 2.mp4,530,2,bicycle,0.4237039,742.8662,457.79517,766.7217,496.64734
Cyclist and vehicle tracking - 2.mp4,531,2,bicycle,0.43238893,741.4761,459.61536,765.5005,496.0163
Cyclist and vehicle tracking - 2.mp4,532,2,bicycle,0.2638105,742.31946,461.98077,764.1688,495.57172
Cyclist and vehicle tracking - 2.mp4,533,2,bicycle,0.31060207,741.4934,461.9464,764.3928,496.2376
Cyclist and vehicle tracking - 2.mp4,534,2,bicycle,0.2507302,735.2177,466.63763,762.9577,495.66992
Cyclist and vehicle tracking - 2.mp4,535,2,bicycle,0.33226493,739.2949,461.07318,763.7241,490.70013
Cyclist and vehicle tracking - 2.mp4,536,2,bicycle,0.3261398,740.22205,461.22675,763.3845,489.3255
Cyclist and vehicle tracking - 2.mp4,537,2,bicycle,0.35994026,740.26843,459.2315,763.56165,491.9969
Cyclist and vehicle tracking - 2.mp4,538,2,bicycle,0.3146051,740.86865,455.24487,763.47046,492.3966
Cyclist and vehicle tracking - 2.mp4,539,3,car,0.28350198,0.0,228.99745,73.311615,286.42285
Cyclist and vehicle tracking - 2.mp4,540,3,car,0.40520185,205.82959,46.27362,250.84296,67.06358
Cyclist and vehicle tracking - 2.mp4,541,3,car,0.36953026,206.29007,46.62391,251.77023,67.08866
Cyclist and vehicle tracking - 2.mp4,542,3,car,0.51034135,203.81241,46.90725,252.39316,67.56411
Cyclist and vehicle tracking - 2.mp4,543,3,car,0.3643027,209.82773,47.53398,255.79202,68.13728
Cyclist and vehicle tracking - 2.mp4,544,3,car,0.43820545,212.14905,47.862106,256.85657,68.41333
Cyclist and vehicle tracking - 2.mp4,545,3,car,0.477937,208.38266,47.70851,257.58646,69.781784
Cyclist and vehicle tracking - 2.mp4,546,3,car,0.5553837,215.31021,48.574738,258.4088,68.097015
Cyclist and vehicle tracking - 2.mp4,547,3,car,0.61294836,218.54202,49.10298,259.68808,67.50508
Cyclist and vehicle tracking - 2.mp4,547,3,car,0.30902004,215.75433,62.336784,258.32822,82.57252
Cyclist and vehicle tracking - 2.mp4,548,3,car,0.64225525,221.24832,50.049828,260.2189,67.81823
Cyclist and vehicle tracking - 2.mp4,548,3,car,0.4524065,215.51141,62.775085,257.23322,82.7879
Cyclist and vehicle tracking - 2.mp4,549,3,car,0.69781667,221.72653,50.425705,261.69067,68.05069
Cyclist and vehicle tracking - 2.mp4,549,3,car,0.34874716,215.15314,62.384384,256.5148,82.75023
Cyclist and vehicle tracking - 2.mp4,550,3,car,0.6732294,222.54214,50.653275,263.61792,68.12468
Cyclist and vehicle tracking - 2.mp4,550,3,car,0.30893004,215.44492,62.503845,256.05127,82.658676
Cyclist and vehicle tracking - 2.mp4,551,3,car,0.61385614,224.25732,50.804077,263.12198,68.6051
Cyclist and vehicle tracking - 2.mp4,552,3,car,0.69446117,228.1547,51.418854,264.6085,68.2619
Cyclist and vehicle tracking - 2.mp4,552,3,car,0.25830907,207.71553,61.03425,254.2097,82.84069
Cyclist and vehicle tracking - 2.mp4,553,3,car,0.7242529,228.5141,51.13344,266.59894,68.277985
Cyclist and vehicle tracking - 2.mp4,553,3,car,0.4113958,321.56268,60.694595,366.38403,80.875336
Cyclist and vehicle tracking - 2.mp4,553,3,car,0.35550478,209.78491,62.452744,254.47119,83.12056
Cyclist and vehicle tracking - 2.mp4,554,3,car,0.79799396,228.43826,50.811462,267.7506,68.21289
Cyclist and vehicle tracking - 2.mp4,554,3,car,0.34844634,209.18208,62.65338,254.1168,83.14841
Cyclist and vehicle tracking - 2.mp4,554,2,bicycle,0.2599179,654.37994,337.05298,675.5118,379.05664
Cyclist and vehicle tracking - 2.mp4,555,3,car,0.81163985,228.79382,51.06434,268.614,68.44967
Cyclist and vehicle tracking - 2.mp4,555,3,car,0.2916501,208.59906,63.033226,253.72156,83.76417
Cyclist and vehicle tracking - 2.mp4,556,3,car,0.8219138,229.53427,51.43799,269.72757,68.823715
Cyclist and vehicle tracking - 2.mp4,556,3,car,0.33316645,206.38835,63.18373,254.05663,84.08812
Cyclist and vehicle tracking - 2.mp4,556,2,bicycle,0.25817198,654.5021,336.6714,675.3214,377.08954
Cyclist and vehicle tracking - 2.mp4,557,3,car,0.8128353,232.26352,51.4086,271.01846,69.049805
Cyclist and vehicle tracking - 2.mp4,557,3,car,0.43696037,327.06003,60.912903,366.7383,80.42107
Cyclist and vehicle tracking - 2.mp4,558,3,car,0.79314584,233.38013,52.19815,272.9926,69.45764
Cyclist and vehicle tracking - 2.mp4,558,3,car,0.58091676,328.74823,61.509872,370.1657,80.33206
Cyclist and vehicle tracking - 2.mp4,559,3,car,0.76227546,234.65973,52.35347,273.27863,70.04964
Cyclist and vehicle tracking - 2.mp4,559,3,car,0.5593817,331.77173,60.909363,370.34064,79.17502
Cyclist and vehicle tracking - 2.mp4,560,3,car,0.7949405,235.37991,52.47003,273.96176,69.83835
Cyclist and vehicle tracking - 2.mp4,560,3,car,0.56253934,333.0332,60.17856,371.95117,79.29367
Cyclist and vehicle tracking - 2.mp4,560,2,bicycle,0.25705487,651.8854,337.1911,675.2106,382.98163
Cyclist and vehicle tracking - 2.mp4,561,3,car,0.79586184,237.09782,52.49617,275.59796,69.95665
Cyclist and vehicle tracking - 2.mp4,562,3,car,0.7931682,237.87708,53.195976,276.95966,70.29441
Cyclist and vehicle tracking - 2.mp4,563,3,car,0.8118573,238.91019,53.0766,277.88638,70.31
Cyclist and vehicle tracking - 2.mp4,563,3,car,0.31471655,201.79745,64.653694,248.6615,84.95202
Cyclist and vehicle tracking - 2.mp4,564,3,car,0.80999917,240.30388,53.307724,279.2542,70.19347
Cyclist and vehicle tracking - 2.mp4,564,3,car,0.25869727,199.83061,65.1022,247.3557,85.666595
Cyclist and vehicle tracking - 2.mp4,565,3,car,0.80270374,241.39915,53.411736,280.64954,70.47706
Cyclist and vehicle tracking - 2.mp4,565,3,car,0.39448085,199.79138,64.632065,246.96014,85.312
Cyclist and vehicle tracking - 2.mp4,566,3,car,0.80318284,242.4701,53.781105,281.08716,70.622765
Cyclist and vehicle tracking - 2.mp4,566,3,car,0.5147086,200.84116,65.339096,246.10776,85.91809
Cyclist and vehicle tracking - 2.mp4,566,2,bicycle,0.25824338,651.44995,336.36554,673.7241,379.73175
Cyclist and vehicle tracking - 2.mp4,567,3,car,0.7993937,243.38861,53.992325,282.01227,70.77324
Cyclist and vehicle tracking - 2.mp4,567,3,car,0.28389788,200.03537,65.17531,246.80203,86.34447
Cyclist and vehicle tracking - 2.mp4,568,3,car,0.7864592,244.90305,54.183533,283.69333,71.13089
Cyclist and vehicle tracking - 2.mp4,568,3,car,0.31218424,198.20248,65.53744,246.62796,86.62438
Cyclist and vehicle tracking - 2.mp4,569,3,car,0.77461,245.6203,54.296593,284.0398,71.272545
Cyclist and vehicle tracking - 2.mp4,569,3,car,0.32140967,196.56303,65.741066,245.47319,86.80598
Cyclist and vehicle tracking - 2.mp4,570,3,car,0.77544045,247.09012,54.67482,283.64938,71.03894
Cyclist and vehicle tracking - 2.mp4,570,3,car,0.29709738,196.43486,65.84631,245.66667,86.83557
Cyclist and vehicle tracking - 2.mp4,571,3,car,0.5449809,248.40591,55.392975,280.25546,70.79007
Cyclist and vehicle tracking - 2.mp4,572,3,car,0.5272507,248.38693,55.157486,282.89536,71.624405
Cyclist and vehicle tracking - 2.mp4,572,3,car,0.36235046,194.98505,65.945854,243.95346,86.601265
Cyclist and vehicle tracking - 2.mp4,573,3,car,0.6468755,251.1034,55.161507,286.53625,71.83985
Cyclist and vehicle tracking - 2.mp4,573,3,car,0.3087721,195.07678,65.91324,244.33167,87.281586
Cyclist and vehicle tracking - 2.mp4,574,3,car,0.6795028,252.12503,55.392586,285.77554,71.80363
Cyclist and vehicle tracking - 2.mp4,574,3,car,0.29184112,195.40472,66.214775,243.14749,87.063255
Cyclist and vehicle tracking - 2.mp4,575,3,car,0.6420319,253.55238,55.60257,284.3673,71.71594
Cyclist and vehicle tracking - 2.mp4,575,3,car,0.50143003,194.91284,65.958664,241.37427,86.76524
Cyclist and vehicle tracking - 2.mp4,576,3,car,0.5485757,255.37726,55.220627,286.75488,71.96489
Cyclist and vehicle tracking - 2.mp4,576,3,car,0.43462592,195.04175,66.99712,240.99161,87.22843
Cyclist and vehicle tracking - 2.mp4,577,3,car,0.6592884,255.24347,54.875893,293.9276,72.3052
Cyclist and vehicle tracking - 2.mp4,577,3,car,0.2637305,193.46432,66.87848,241.39273,87.16751
Cyclist and vehicle tracking - 2.mp4,578,3,car,0.75402534,256.48776,55.878532,295.81155,73.31193
Cyclist and vehicle tracking - 2.mp4,578,3,car,0.43176693,192.57544,66.86607,240.75964,87.38335
Cyclist and vehicle tracking - 2.mp4,579,3,car,0.7417009,257.9649,56.168365,296.90472,73.9957
Cyclist and vehicle tracking - 2.mp4,579,3,car,0.2603823,191.51318,66.94548,240.76306,87.44997
Cyclist and vehicle tracking - 2.mp4,580,3,car,0.70702696,259.3734,56.336746,296.01,73.53993
Cyclist and vehicle tracking - 2.mp4,581,3,car,0.68737507,260.62033,56.704315,296.00742,73.52057
Cyclist and vehicle tracking - 2.mp4,582,3,car,0.6867542,262.7827,56.819366,295.9536,73.38469
Cyclist and vehicle tracking - 2.mp4,582,3,car,0.45498246,189.2273,66.66086,240.28528,86.88904
Cyclist and vehicle tracking - 2.mp4,583,3,car,0.46975353,263.96393,57.48461,299.8022,74.20908
Cyclist and vehicle tracking - 2.mp4,583,3,car,0.26322645,189.08102,66.72647,240.30463,87.11331
Cyclist and vehicle tracking - 2.mp4,584,3,car,0.3854718,266.07404,57.34198,300.55194,74.057526
Cyclist and vehicle tracking - 2.mp4,585,2,bicycle,0.26340505,649.8696,334.87665,670.22046,375.4041
Cyclist and vehicle tracking - 2.mp4,586,3,car,0.25646263,190.0679,66.1702,240.12155,87.380005
Cyclist and vehicle tracking - 2.mp4,586,2,bicycle,0.2508006,649.68506,334.8947,670.1394,375.87946
Cyclist and vehicle tracking - 2.mp4,587,3,car,0.49019495,189.19855,65.82208,240.37662,87.53551
Cyclist and vehicle tracking - 2.mp4,588,3,car,0.6157361,189.13525,66.063705,240.4336,87.873184
Cyclist and vehicle tracking - 2.mp4,589,3,car,0.46247905,189.88995,66.48018,238.6341,87.727646
Cyclist and vehicle tracking - 2.mp4,590,3,car,0.5963227,189.9067,66.8112,237.49953,87.67384
Cyclist and vehicle tracking - 2.mp4,590,3,car,0.3753759,279.583,66.85121,316.41272,84.39723
Cyclist and vehicle tracking - 2.mp4,591,3,car,0.5669031,188.1127,66.87343,237.64261,87.98175
Cyclist and vehicle tracking - 2.mp4,591,3,car,0.27474418,278.65784,66.40196,320.55835,84.60008
Cyclist and vehicle tracking - 2.mp4,592,3,car,0.5222992,188.18787,67.00804,238.039,87.89726
Cyclist and vehicle tracking - 2.mp4,592,3,car,0.27433047,283.60333,67.063965,320.65387,84.680145
Cyclist and vehicle tracking - 2.mp4,593,3,car,0.4532061,187.98094,67.48517,235.42598,87.87717
Cyclist and vehicle tracking - 2.mp4,593,3,car,0.42179137,285.69946,67.343185,322.51904,85.347916
Cyclist and vehicle tracking - 2.mp4,594,3,car,0.44939545,290.12512,68.697464,326.86646,86.31935
Cyclist and vehicle tracking - 2.mp4,594,3,car,0.25664836,188.20879,67.909454,235.63231,88.63316
Cyclist and vehicle tracking - 2.mp4,595,3,car,0.7209768,289.74365,69.11316,329.23108,86.77991
Cyclist and vehicle tracking - 2.mp4,595,3,car,0.602576,186.06795,68.07402,233.31483,89.52968
Cyclist and vehicle tracking - 2.mp4,596,3,car,0.6984998,288.87787,68.69621,328.34747,86.60155
Cyclist and vehicle tracking - 2.mp4,596,3,car,0.59014535,183.4544,67.97342,232.15295,89.61545
Cyclist and vehicle tracking - 2.mp4,597,3,car,0.67242247,289.8277,68.54461,330.7066,86.80796
Cyclist and vehicle tracking - 2.mp4,597,3,car,0.61030084,182.19286,67.52565,232.42674,90.15358
Cyclist and vehicle tracking - 2.mp4,598,3,car,0.72694653,289.67694,68.40709,332.62482,86.98355
Cyclist and vehicle tracking - 2.mp4,598,3,car,0.6586465,181.90558,67.77242,231.79865,90.11974
Cyclist and vehicle tracking - 2.mp4,599,3,car,0.69591856,290.73254,68.4548,333.6963,86.52478
Cyclist and vehicle tracking - 2.mp4,599,3,car,0.6651164,181.18983,68.336235,230.86848,90.39785
Cyclist and vehicle tracking - 2.mp4,600,3,car,0.78612363,294.05023,69.030594,333.6479,86.866135
Cyclist and vehicle tracking - 2.mp4,600,3,car,0.7202409,182.23749,69.15221,229.11987,90.487015
Cyclist and vehicle tracking - 2.mp4,601,3,car,0.76009285,293.6585,69.08121,333.29523,87.42114
Cyclist and vehicle tracking - 2.mp4,601,3,car,0.7285318,180.52454,68.79059,229.35263,90.46683
Cyclist and vehicle tracking - 2.mp4,602,3,car,0.70155734,178.875,68.55913,228.4234,90.91786
Cyclist and vehicle tracking - 2.mp4,602,3,car,0.69508624,295.88336,69.207504,334.013,87.6111
Cyclist and vehicle tracking - 2.mp4,603,3,car,0.71826833,296.97375,69.40195,335.4319,87.66756
Cyclist and vehicle tracking - 2.mp4,603,3,car,0.5940157,179.952,68.97377,229.67831,91.23164
Cyclist and vehicle tracking - 2.mp4,604,3,car,0.66586345,179.17432,68.87918,229.49438,91.32991
Cyclist and vehicle tracking - 2.mp4,604,3,car,0.65835613,297.25177,68.9491,336.74347,87.657104
Cyclist and vehicle tracking - 2.mp4,605,3,car,0.6953906,177.51245,68.74067,228.40564,91.193565
Cyclist and vehicle tracking - 2.mp4,605,3,car,0.44791827,301.523,68.928925,338.66022,86.99768
Cyclist and vehicle tracking - 2.mp4,606,3,car,0.5106719,303.7096,69.91385,341.84705,86.75458
Cyclist and vehicle tracking - 2.mp4,606,3,car,0.25978574,175.98703,69.039055,228.81027,90.70757
Cyclist and vehicle tracking - 2.mp4,607,3,car,0.39466748,305.48254,69.988144,340.91174,86.14476
Cyclist and vehicle tracking - 2.mp4,608,3,car,0.61053807,172.3122,70.0532,225.47449,92.34841
Cyclist and vehicle tracking - 2.mp4,609,3,car,0.6573142,172.62762,69.82063,224.89911,92.48897
Cyclist and vehicle tracking - 2.mp4,609,3,car,0.44364753,308.78488,68.35449,348.83664,84.35712
Cyclist and vehicle tracking - 2.mp4,610,3,car,0.6530003,172.88033,70.23274,224.03621,92.78943
Cyclist and vehicle tracking - 2.mp4,610,3,car,0.5321215,311.6902,67.503204,352.979,85.738434
Cyclist and vehicle tracking - 2.mp4,611,3,car,0.62825793,172.12695,70.38557,222.40768,92.98583
Cyclist and vehicle tracking - 2.mp4,612,3,car,0.6749257,172.54489,70.25606,222.32999,93.184845
Cyclist and vehicle tracking - 2.mp4,612,3,car,0.44282824,313.32114,66.64656,355.50443,85.04509
Cyclist and vehicle tracking - 2.mp4,613,3,car,0.66890204,171.96298,70.94373,222.7897,93.43914
Cyclist and vehicle tracking - 2.mp4,613,3,car,0.52354735,315.07574,66.69414,359.2635,84.91559
Cyclist and vehicle tracking - 2.mp4,614,3,car,0.65359324,171.9212,71.095825,221.00128,93.218796
Cyclist and vehicle tracking - 2.mp4,615,3,car,0.6735218,169.91812,71.11275,219.3175,93.2509
Cyclist and vehicle tracking - 2.mp4,616,3,car,0.5032324,171.40247,71.55908,218.55548,93.22772
Cyclist and vehicle tracking - 2.mp4,617,3,car,0.54039335,170.69896,71.695724,217.56142,93.2448
Cyclist and vehicle tracking - 2.mp4,618,3,car,0.6084714,170.08762,71.66196,217.2239,93.23367
Cyclist and vehicle tracking - 2.mp4,619,3,car,0.51410896,167.77927,71.809555,217.04568,93.875244
Cyclist and vehicle tracking - 2.mp4,620,3,car,0.5161325,167.15567,71.953,217.21982,94.135254
Cyclist and vehicle tracking - 2.mp4,621,3,car,0.47082332,168.86868,72.82265,216.87991,94.46147
Cyclist and vehicle tracking - 2.mp4,622,3,car,0.45476925,167.15076,72.635025,216.65887,94.539474
Cyclist and vehicle tracking - 2.mp4,623,3,car,0.57263803,166.00085,72.644135,215.80301,94.71295
Cyclist and vehicle tracking - 2.mp4,624,3,car,0.40189204,166.79968,72.76279,215.60602,94.73709
Cyclist and vehicle tracking - 2.mp4,625,3,car,0.35286376,164.83347,72.510574,214.39969,95.19884
Cyclist and vehicle tracking - 2.mp4,626,3,car,0.62938404,164.83348,73.04994,214.3433,95.28325
Cyclist and vehicle tracking - 2.mp4,627,3,car,0.49430418,164.09293,73.04466,213.70139,95.10475
Cyclist and vehicle tracking - 2.mp4,628,3,car,0.44534153,161.61932,72.504684,212.92627,94.72252
Cyclist and vehicle tracking - 2.mp4,629,3,car,0.62118906,161.69666,73.05725,212.53546,95.31592
Cyclist and vehicle tracking - 2.mp4,630,3,car,0.6169401,160.73558,73.13047,212.76253,95.61361
Cyclist and vehicle tracking - 2.mp4,631,3,car,0.634381,159.41254,73.004585,213.11374,96.33381
Cyclist and vehicle tracking - 2.mp4,632,3,car,0.5299084,158.92218,72.78406,212.66907,96.22241
Cyclist and vehicle tracking - 2.mp4,633,3,car,0.5929555,156.91785,72.63786,211.594,96.77632
Cyclist and vehicle tracking - 2.mp4,634,3,car,0.6162015,157.35822,73.121826,210.75806,96.59546
Cyclist and vehicle tracking - 2.mp4,635,3,car,0.5170422,156.8439,73.2287,210.43442,96.53119
Cyclist and vehicle tracking - 2.mp4,636,3,car,0.5631333,157.00162,73.69052,209.74619,96.72151
Cyclist and vehicle tracking - 2.mp4,637,3,car,0.5376448,156.56168,73.62289,209.25308,96.74259
Cyclist and vehicle tracking - 2.mp4,638,3,car,0.69320655,155.80487,73.4078,208.99673,96.90856
Cyclist and vehicle tracking - 2.mp4,639,3,car,0.61809945,153.34488,72.99605,207.44357,96.6754
Cyclist and vehicle tracking - 2.mp4,640,3,car,0.6642713,152.60818,73.10655,207.19028,96.739655
Cyclist and vehicle tracking - 2.mp4,641,3,car,0.71145594,152.6293,73.51312,207.76596,97.31088
Cyclist and vehicle tracking - 2.mp4,642,3,car,0.69371617,151.26569,73.55325,207.09155,97.42709
Cyclist and vehicle tracking - 2.mp4,643,3,car,0.5855736,150.97537,73.96538,206.17575,98.14226
Cyclist and vehicle tracking - 2.mp4,644,3,car,0.64366686,152.51495,74.44144,206.37866,98.28711
Cyclist and vehicle tracking - 2.mp4,645,3,car,0.6459808,153.27771,74.660385,205.75024,98.28111
Cyclist and vehicle tracking - 2.mp4,646,3,car,0.56552184,153.33075,75.14795,204.59595,98.26187
Cyclist and vehicle tracking - 2.mp4,647,3,car,0.5865249,152.88766,74.91224,202.87137,98.14327
Cyclist and vehicle tracking - 2.mp4,648,3,car,0.6884451,151.31174,74.740074,203.0665,98.127754
Cyclist and vehicle tracking - 2.mp4,649,3,car,0.74271446,149.54846,74.46152,203.4433,98.74988
Cyclist and vehicle tracking - 2.mp4,650,3,car,0.7078462,150.9884,75.01117,203.02936,98.6423
Cyclist and vehicle tracking - 2.mp4,651,3,car,0.5215489,149.22878,74.512985,201.97572,98.59685
Cyclist and vehicle tracking - 2.mp4,652,3,car,0.64377356,149.13834,75.0562,202.13681,99.12102
Cyclist and vehicle tracking - 2.mp4,653,3,car,0.60308295,148.74545,75.5829,202.16397,99.71471
Cyclist and vehicle tracking - 2.mp4,654,3,car,0.62931263,147.44107,75.46494,201.35587,99.47213
Cyclist and vehicle tracking - 2.mp4,655,3,car,0.74133474,147.24342,75.71152,200.83965,99.88315
Cyclist and vehicle tracking - 2.mp4,656,3,car,0.7441565,146.37363,76.03059,200.25821,100.45728
Cyclist and vehicle tracking - 2.mp4,656,2,bicycle,0.28536358,608.15814,352.50214,629.3359,395.68567
Cyclist and vehicle tracking - 2.mp4,657,3,car,0.68179816,145.78879,76.33853,198.65048,100.228455
Cyclist and vehicle tracking - 2.mp4,658,3,car,0.66715235,144.69421,76.34689,199.0037,100.50282
Cyclist and vehicle tracking - 2.mp4,659,3,car,0.60936165,145.05232,77.36142,197.35002,100.63965
Cyclist and vehicle tracking - 2.mp4,660,3,car,0.53466374,144.38797,77.52408,196.44193,100.4086
Cyclist and vehicle tracking - 2.mp4,661,3,car,0.6650988,143.75848,77.85483,196.6402,101.13704
Cyclist and vehicle tracking - 2.mp4,662,3,car,0.62652683,143.31332,78.0049,195.1431,100.72778
Cyclist and vehicle tracking - 2.mp4,663,3,car,0.55851185,142.1683,78.07637,194.28427,100.89693
Cyclist and vehicle tracking - 2.mp4,664,3,car,0.64665025,142.01366,78.31117,194.86015,101.71492
Cyclist and vehicle tracking - 2.mp4,665,3,car,0.43189558,140.7685,78.15178,192.1709,101.18582
Cyclist and vehicle tracking - 2.mp4,666,3,car,0.4806427,139.41728,78.63374,192.29216,102.30937
Cyclist and vehicle tracking - 2.mp4,667,3,car,0.5391666,138.41516,78.737656,192.0437,102.345535
Cyclist and vehicle tracking - 2.mp4,668,3,car,0.6237774,137.03995,78.913025,191.18356,103.08185
Cyclist and vehicle tracking - 2.mp4,669,3,car,0.6738153,136.52296,79.24615,190.55345,102.911095
Cyclist and vehicle tracking - 2.mp4,670,3,car,0.6639341,135.60027,78.794075,190.2932,103.053185
Cyclist and vehicle tracking - 2.mp4,671,3,car,0.7069544,135.11191,79.06549,189.17068,102.79617
Cyclist and vehicle tracking - 2.mp4,672,3,car,0.729054,134.62564,79.323715,188.20361,102.971756
Cyclist and vehicle tracking - 2.mp4,673,3,car,0.7153279,133.4534,79.09444,187.5521,103.2632
Cyclist and vehicle tracking - 2.mp4,674,3,car,0.68342113,132.73373,79.26726,187.04605,103.495804
Cyclist and vehicle tracking - 2.mp4,675,3,car,0.6950394,132.29048,80.0186,186.87498,103.93742
Cyclist and vehicle tracking - 2.mp4,676,3,car,0.7180939,131.30406,79.87976,185.76427,104.06125
Cyclist and vehicle tracking - 2.mp4,677,3,car,0.74825907,129.89934,79.70978,185.09569,103.93109
Cyclist and vehicle tracking - 2.mp4,678,3,car,0.77066576,129.57074,79.63576,184.80322,104.14377
Cyclist and vehicle tracking - 2.mp4,679,3,car,0.80409664,128.73105,79.62712,184.19308,104.60579
Cyclist and vehicle tracking - 2.mp4,680,3,car,0.7940895,128.11075,80.068634,183.63254,104.85312
Cyclist and vehicle tracking - 2.mp4,681,3,car,0.79437894,127.13565,80.34952,182.78952,104.89273
Cyclist and vehicle tracking - 2.mp4,682,3,car,0.7984468,125.96042,80.41669,180.94873,104.82443
Cyclist and vehicle tracking - 2.mp4,683,3,car,0.80288535,125.29512,80.57283,180.53664,105.145355
Cyclist and vehicle tracking - 2.mp4,684,3,car,0.7949019,124.620094,80.96593,179.37479,105.4492
Cyclist and vehicle tracking - 2.mp4,685,3,car,0.7952113,123.86374,81.04677,179.28183,105.72844
Cyclist and vehicle tracking - 2.mp4,685,2,bicycle,0.29928318,546.1195,352.84448,571.5482,405.89807
Cyclist and vehicle tracking - 2.mp4,686,3,car,0.81390494,122.82452,80.9265,178.77649,105.5688
Cyclist and vehicle tracking - 2.mp4,687,3,car,0.7832309,123.67364,81.44762,179.17706,105.70236
Cyclist and vehicle tracking - 2.mp4,688,3,car,0.7620451,122.72543,81.27486,178.35965,105.53261
Cyclist and vehicle tracking - 2.mp4,689,3,car,0.7403867,121.47126,81.812775,177.38629,105.88614
Cyclist and vehicle tracking - 2.mp4,689,2,bicycle,0.46288696,536.1276,353.91977,563.97955,407.56876
Cyclist and vehicle tracking - 2.mp4,690,3,car,0.7482855,121.2605,81.98692,176.48969,106.03241
Cyclist and vehicle tracking - 2.mp4,691,3,car,0.7200485,120.4778,81.95595,176.0868,106.3759
Cyclist and vehicle tracking - 2.mp4,691,2,bicycle,0.41215047,532.0245,355.31317,559.16974,408.1878
Cyclist and vehicle tracking - 2.mp4,692,3,car,0.6928022,120.16838,82.05594,175.93459,106.312775
Cyclist and vehicle tracking - 2.mp4,693,3,car,0.70760536,119.361626,82.15138,175.54755,106.58809
Cyclist and vehicle tracking - 2.mp4,694,3,car,0.69218177,118.91641,82.243484,174.8331,106.449844
Cyclist and vehicle tracking - 2.mp4,695,3,car,0.61024433,118.56917,82.54921,172.57555,106.23326
Cyclist and vehicle tracking - 2.mp4,695,2,bicycle,0.4212365,523.05664,360.88284,548.43994,409.4337
Cyclist and vehicle tracking - 2.mp4,696,3,car,0.66117895,118.68968,82.59671,172.12035,106.585175
Cyclist and vehicle tracking - 2.mp4,697,3,car,0.49495083,118.52812,82.60756,172.11363,106.544464
Cyclist and vehicle tracking - 2.mp4,698,3,car,0.50433433,118.332184,82.7263,171.64584,106.82362
Cyclist and vehicle tracking - 2.mp4,699,3,car,0.47423977,118.39348,82.97487,171.96803,107.23651
Cyclist and vehicle tracking - 2.mp4,700,3,car,0.6673736,119.05465,83.19893,175.85922,108.181564
Cyclist and vehicle tracking - 2.mp4,701,3,car,0.6906484,121.02278,83.16507,177.5504,108.50333
Cyclist and vehicle tracking - 2.mp4,702,3,car,0.6658692,122.27478,83.35463,177.30276,108.35063
Cyclist and vehicle tracking - 2.mp4,703,3,car,0.5984332,123.62376,83.03746,178.10458,107.75995
Cyclist and vehicle tracking - 2.mp4,704,3,car,0.69546425,125.321365,83.48857,180.48439,108.61882
Cyclist and vehicle tracking - 2.mp4,705,3,car,0.737675,126.24032,83.44998,180.892,108.75354
Cyclist and vehicle tracking - 2.mp4,706,3,car,0.7386065,126.74379,83.66817,181.22469,109.01959
Cyclist and vehicle tracking - 2.mp4,707,3,car,0.7089325,127.13552,84.10312,181.60062,108.96901
Cyclist and vehicle tracking - 2.mp4,708,3,car,0.687162,127.49889,84.473114,182.52484,109.209854
Cyclist and vehicle tracking - 2.mp4,709,3,car,0.66124684,127.573296,84.47914,183.07825,109.567245
Cyclist and vehicle tracking - 2.mp4,710,3,car,0.47590122,127.33536,84.7038,182.61057,109.881165
Cyclist and vehicle tracking - 2.mp4,711,3,car,0.49168354,127.311615,84.66835,181.8161,109.96901
Cyclist and vehicle tracking - 2.mp4,712,3,car,0.47959793,127.08801,84.81618,182.08087,110.17699
Cyclist and vehicle tracking - 2.mp4,713,3,car,0.58325803,126.30749,85.008255,182.38739,110.46672
Cyclist and vehicle tracking - 2.mp4,714,3,car,0.5507933,125.58908,85.20256,181.37988,110.37837
Cyclist and vehicle tracking - 2.mp4,715,3,car,0.6120726,125.11844,85.276596,180.8902,110.63252
Cyclist and vehicle tracking - 2.mp4,716,3,car,0.7034693,124.82642,85.26216,180.1867,111.03731
Cyclist and vehicle tracking - 2.mp4,717,3,car,0.73475677,124.94091,85.3186,180.64703,110.95325
Cyclist and vehicle tracking - 2.mp4,718,3,car,0.7323197,125.327324,85.108246,181.75293,110.84581
Cyclist and vehicle tracking - 2.mp4,719,3,car,0.7226021,126.480515,85.224365,182.24403,111.207275
Cyclist and vehicle tracking - 2.mp4,720,3,car,0.6679731,127.34158,85.4207,182.47452,111.53969
Cyclist and vehicle tracking - 2.mp4,721,3,car,0.7085242,129.35158,85.117294,184.30638,111.396454
Cyclist and vehicle tracking - 2.mp4,721,2,bicycle,0.2606805,476.46704,365.8816,501.28394,410.35803
Cyclist and vehicle tracking - 2.mp4,722,3,car,0.76645535,131.2583,85.017746,186.31396,111.73149
Cyclist and vehicle tracking - 2.mp4,723,3,car,0.6813173,133.09055,85.58592,187.94632,111.79756
Cyclist and vehicle tracking - 2.mp4,724,3,car,0.676902,136.188,85.90581,191.35387,112.13371
Cyclist and vehicle tracking - 2.mp4,725,3,car,0.7050401,138.88126,85.68205,194.40802,112.57674
Cyclist and vehicle tracking - 2.mp4,726,3,car,0.7831867,141.6633,85.95944,197.70428,112.26779
Cyclist and vehicle tracking - 2.mp4,727,3,car,0.7509775,146.56863,86.06799,200.1495,112.050995
Cyclist and vehicle tracking - 2.mp4,728,3,car,0.753505,151.99667,86.42517,205.77298,111.859314
Cyclist and vehicle tracking - 2.mp4,729,3,car,0.76860076,159.01553,86.35298,214.52505,111.94792
Cyclist and vehicle tracking - 2.mp4,730,3,car,0.7767283,165.87918,86.28172,219.04605,111.76265
Cyclist and vehicle tracking - 2.mp4,730,2,bicycle,0.2838601,487.30203,376.62234,507.33694,420.37003
Cyclist and vehicle tracking - 2.mp4,731,3,car,0.736108,171.35674,85.701324,226.81972,111.99783
Cyclist and vehicle tracking - 2.mp4,732,3,car,0.73812896,177.30235,86.32573,231.35023,111.364426
Cyclist and vehicle tracking - 2.mp4,733,3,car,0.7186995,180.87845,86.080826,233.83566,111.35373
Cyclist and vehicle tracking - 2.mp4,733,2,bicycle,0.27861968,489.27728,377.35254,512.5899,423.92908
Cyclist and vehicle tracking - 2.mp4,734,3,car,0.7255696,183.41107,86.377304,236.68948,111.39592
Cyclist and vehicle tracking - 2.mp4,735,3,car,0.7032219,185.89091,86.302,236.60197,111.15057
Cyclist and vehicle tracking - 2.mp4,735,2,bicycle,0.3096586,488.91882,377.2282,512.0154,424.4178
Cyclist and vehicle tracking - 2.mp4,736,3,car,0.6241249,187.05441,86.00679,239.1293,111.70192
Cyclist and vehicle tracking - 2.mp4,736,2,bicycle,0.34665835,486.82938,370.78894,511.92862,424.82935
Cyclist and vehicle tracking - 2.mp4,737,3,car,0.61394924,188.32263,86.1051,241.97223,112.14407
Cyclist and vehicle tracking - 2.mp4,737,2,bicycle,0.2696012,487.35883,377.76184,509.4431,425.0221
Cyclist and vehicle tracking - 2.mp4,738,3,car,0.5764391,188.88986,86.88301,241.59409,112.57622
Cyclist and vehicle tracking - 2.mp4,738,2,bicycle,0.35119644,486.0538,375.16736,507.1594,423.89563
Cyclist and vehicle tracking - 2.mp4,739,3,car,0.6427667,190.10782,86.78807,243.10757,112.55238
Cyclist and vehicle tracking - 2.mp4,740,3,car,0.5603762,190.66716,87.14232,244.46153,112.95438
Cyclist and vehicle tracking - 2.mp4,740,2,bicycle,0.3892098,481.7457,370.52924,504.4379,424.50684
Cyclist and vehicle tracking - 2.mp4,741,3,car,0.5873402,190.74594,87.097305,245.2384,113.47897
Cyclist and vehicle tracking - 2.mp4,742,3,car,0.720935,190.77597,87.64798,245.50107,113.54794
Cyclist and vehicle tracking - 2.mp4,743,3,car,0.74131244,190.37799,87.76605,245.59045,113.26996
Cyclist and vehicle tracking - 2.mp4,744,3,car,0.7238352,190.06892,87.95253,244.66948,113.48825
Cyclist and vehicle tracking - 2.mp4,745,3,car,0.7809612,190.11743,88.09715,245.14984,112.90675
Cyclist and vehicle tracking - 2.mp4,746,3,car,0.78876317,189.96896,88.19977,245.8482,113.13655
Cyclist and vehicle tracking - 2.mp4,747,3,car,0.778947,189.25839,88.17952,245.05838,113.140976
Cyclist and vehicle tracking - 2.mp4,748,3,car,0.77896655,188.87943,88.305466,244.91019,113.27011
Cyclist and vehicle tracking - 2.mp4,749,3,car,0.7734938,188.7445,88.276886,244.92651,113.43529
Cyclist and vehicle tracking - 2.mp4,750,3,car,0.78245884,190.54813,88.26349,245.15408,113.251785
Cyclist and vehicle tracking - 2.mp4,751,3,car,0.7797575,191.82838,88.32161,246.00157,113.53726
Cyclist and vehicle tracking - 2.mp4,752,3,car,0.7421265,194.86371,88.703964,245.87619,113.34987
Cyclist and vehicle tracking - 2.mp4,753,3,car,0.72657454,198.31232,89.02425,250.75739,114.436966
Cyclist and vehicle tracking - 2.mp4,754,3,car,0.71062905,200.64096,88.67691,256.36075,114.7946
Cyclist and vehicle tracking - 2.mp4,755,3,car,0.67351556,203.53824,88.99611,259.7242,113.91783
Cyclist and vehicle tracking - 2.mp4,756,3,car,0.7256463,207.96658,88.55017,261.78308,113.60135
Cyclist and vehicle tracking - 2.mp4,757,3,car,0.59537214,212.3266,88.986206,265.02002,114.138214
Cyclist and vehicle tracking - 2.mp4,758,3,car,0.67812383,217.45233,88.76135,272.26654,114.33798
Cyclist and vehicle tracking - 2.mp4,759,3,car,0.7412791,221.09088,89.23297,276.57123,114.018036
Cyclist and vehicle tracking - 2.mp4,760,3,car,0.79227847,224.66406,88.84866,279.6308,114.1754
Cyclist and vehicle tracking - 2.mp4,761,3,car,0.7362236,228.70508,89.23459,281.21112,113.877106
Cyclist and vehicle tracking - 2.mp4,762,3,car,0.70004684,232.17162,89.42322,286.14648,114.64728
Cyclist and vehicle tracking - 2.mp4,763,3,car,0.6205091,234.30032,89.412735,288.93332,113.90988
Cyclist and vehicle tracking - 2.mp4,764,3,car,0.5873587,235.42819,89.858765,291.50424,114.03131
Cyclist and vehicle tracking - 2.mp4,765,3,car,0.6471143,237.02194,89.713135,292.1451,113.78253
Cyclist and vehicle tracking - 2.mp4,766,3,car,0.7269891,238.62213,89.83653,293.7458,113.85141
Cyclist and vehicle tracking - 2.mp4,767,3,car,0.7141717,240.1738,89.70586,294.4119,114.08794
Cyclist and vehicle tracking - 2.mp4,768,3,car,0.71489245,243.18956,89.60469,296.8047,114.28476
Cyclist and vehicle tracking - 2.mp4,769,3,car,0.6405928,246.79227,90.03537,296.88004,114.03342
Cyclist and vehicle tracking - 2.mp4,770,3,car,0.71642214,248.54279,90.11694,300.34418,114.430954
Cyclist and vehicle tracking - 2.mp4,771,3,car,0.7514676,250.7526,89.673096,304.26053,114.47015
Cyclist and vehicle tracking - 2.mp4,772,3,car,0.7692826,252.80347,90.06534,307.58417,114.61221
Cyclist and vehicle tracking - 2.mp4,773,3,car,0.7751959,253.93996,90.168076,309.63904,114.76936
Cyclist and vehicle tracking - 2.mp4,774,3,car,0.79069304,254.84361,90.42499,309.8651,114.89282
Cyclist and vehicle tracking - 2.mp4,774,2,bicycle,0.31671134,454.56668,382.5041,476.0591,431.76666
Cyclist and vehicle tracking - 2.mp4,775,3,car,0.79678935,256.3428,90.35841,309.79257,114.38948
Cyclist and vehicle tracking - 2.mp4,775,2,bicycle,0.3108057,454.86383,382.3581,475.5772,431.0468
Cyclist and vehicle tracking - 2.mp4,776,3,car,0.7348374,258.88754,89.992035,311.88748,114.32283
Cyclist and vehicle tracking - 2.mp4,776,2,bicycle,0.45598474,453.61823,380.81235,475.18036,431.64798
Cyclist and vehicle tracking - 2.mp4,777,3,car,0.64972013,261.7404,90.52301,312.3173,114.1752
Cyclist and vehicle tracking - 2.mp4,777,2,bicycle,0.44752255,452.0053,380.68622,474.83887,431.79022
Cyclist and vehicle tracking - 2.mp4,778,3,car,0.6678034,264.00964,90.33034,314.04022,114.22435
Cyclist and vehicle tracking - 2.mp4,778,2,bicycle,0.48812756,452.9201,380.3302,475.16766,431.86023
Cyclist and vehicle tracking - 2.mp4,779,3,car,0.69633394,267.31567,90.361435,316.11737,114.04402
Cyclist and vehicle tracking - 2.mp4,779,2,bicycle,0.37980694,453.71155,382.12476,475.64465,430.9879
Cyclist and vehicle tracking - 2.mp4,780,3,car,0.76449794,271.1203,90.392044,327.10712,114.39285
Cyclist and vehicle tracking - 2.mp4,780,2,bicycle,0.38542616,455.33548,380.94547,476.77847,430.90823
Cyclist and vehicle tracking - 2.mp4,781,3,car,0.70767367,275.90405,90.37717,327.2301,113.95871
Cyclist and vehicle tracking - 2.mp4,781,2,bicycle,0.45708796,457.1776,382.09088,478.35095,430.89972
Cyclist and vehicle tracking - 2.mp4,782,3,car,0.718404,279.96564,90.64247,327.22253,113.489136
Cyclist and vehicle tracking - 2.mp4,782,2,bicycle,0.35931846,457.19708,383.00827,478.80817,430.6967
Cyclist and vehicle tracking - 2.mp4,783,3,car,0.75836945,283.7821,90.36348,333.63574,113.55083
Cyclist and vehicle tracking - 2.mp4,783,2,bicycle,0.32059962,458.1123,384.9867,480.36914,431.51318
Cyclist and vehicle tracking - 2.mp4,784,3,car,0.776964,287.67484,90.93472,340.39066,113.953125
Cyclist and vehicle tracking - 2.mp4,785,3,car,0.7381913,292.45197,90.78357,341.7386,113.56442
Cyclist and vehicle tracking - 2.mp4,786,3,car,0.6894028,296.14792,90.87814,343.20047,113.59207
Cyclist and vehicle tracking - 2.mp4,786,2,bicycle,0.36136037,462.49188,384.31238,484.5003,431.43787
Cyclist and vehicle tracking - 2.mp4,787,3,car,0.70315486,301.79443,90.592834,356.09863,114.17096
Cyclist and vehicle tracking - 2.mp4,788,3,car,0.7643042,307.57166,90.24931,361.9121,113.88046
Cyclist and vehicle tracking - 2.mp4,789,3,car,0.7857567,313.2428,90.211365,367.61365,114.20813
Cyclist and vehicle tracking - 2.mp4,790,3,car,0.8015678,319.68164,90.66649,374.60498,114.066666
Cyclist and vehicle tracking - 2.mp4,791,3,car,0.76706505,325.04968,90.49011,378.36536,113.691345
Cyclist and vehicle tracking - 2.mp4,792,3,car,0.7195076,328.9542,90.575714,380.3068,113.78064
Cyclist and vehicle tracking - 2.mp4,793,3,car,0.75391936,332.54474,90.58911,385.43616,113.76195
Cyclist and vehicle tracking - 2.mp4,794,3,car,0.7313352,335.4273,90.05542,387.68176,113.6116
Cyclist and vehicle tracking - 2.mp4,795,3,car,0.74863076,340.79315,90.323105,391.57025,113.49574
Cyclist and vehicle tracking - 2.mp4,796,3,car,0.7389102,346.6258,90.52205,391.33282,113.31972
Cyclist and vehicle tracking - 2.mp4,796,2,bicycle,0.27153832,483.38202,378.07434,505.60016,428.13367
Cyclist and vehicle tracking - 2.mp4,797,3,car,0.79934776,351.39243,90.65111,405.8436,113.890564
Cyclist and vehicle tracking - 2.mp4,798,3,car,0.8230439,356.11304,90.34093,410.2113,113.57301
Cyclist and vehicle tracking - 2.mp4,799,3,car,0.78685135,358.82843,90.50166,410.87982,113.54845
Cyclist and vehicle tracking - 2.mp4,800,3,car,0.813342,359.95636,90.554214,414.34418,113.902176
Cyclist and vehicle tracking - 2.mp4,801,3,car,0.8156397,361.59204,90.85063,415.72668,113.87181
Cyclist and vehicle tracking - 2.mp4,801,2,bicycle,0.45135626,485.92938,380.8664,507.30658,428.1443
Cyclist and vehicle tracking - 2.mp4,802,3,car,0.7890731,362.8246,90.95262,414.96545,113.94835
Cyclist and vehicle tracking - 2.mp4,803,3,car,0.79978156,363.2642,90.99936,416.14413,114.43686
Cyclist and vehicle tracking - 2.mp4,803,2,bicycle,0.27618712,484.39398,378.58417,505.42047,428.5551
Cyclist and vehicle tracking - 2.mp4,804,3,car,0.75262314,365.3002,90.879105,418.20078,114.19397
Cyclist and vehicle tracking - 2.mp4,805,3,car,0.7600741,366.3642,91.13162,420.24396,114.400665
Cyclist and vehicle tracking - 2.mp4,805,2,bicycle,0.3020086,482.30185,376.86694,503.7996,427.6848
Cyclist and vehicle tracking - 2.mp4,806,3,car,0.8027234,368.33618,91.32504,423.1599,114.58853
Cyclist and vehicle tracking - 2.mp4,807,3,car,0.79724115,371.67877,91.00787,425.61682,114.1311
Cyclist and vehicle tracking - 2.mp4,808,3,car,0.8021286,374.9054,91.11453,427.7339,114.335556
Cyclist and vehicle tracking - 2.mp4,808,2,bicycle,0.26742834,483.7568,377.16064,503.96964,428.0951
